"row.id","length.mm","","sanctuary","status","site","stage","transect.id"
1,160,NA,"Parker_Pt","No-take","East_Salmon","F","No-take.Parker_Pt.East_Salmon.JAT.1"
2,100,NA,"Parker_Pt","No-take","East_Salmon","F","No-take.Parker_Pt.East_Salmon.JAT.1"
3,200,NA,"Parker_Pt","No-take","East_Salmon","F","No-take.Parker_Pt.East_Salmon.JAT.1"
4,130,NA,"Parker_Pt","No-take","East_Salmon","F","No-take.Parker_Pt.East_Salmon.JAT.1"
5,140,NA,"Parker_Pt","No-take","East_Salmon","F","No-take.Parker_Pt.East_Salmon.JAT.1"
6,100,NA,"Parker_Pt","No-take","East_Salmon","F","No-take.Parker_Pt.East_Salmon.JAT.1"
7,90,NA,"Parker_Pt","No-take","East_Salmon","F","No-take.Parker_Pt.East_Salmon.JAT.2"
8,70,NA,"Parker_Pt","No-take","East_Salmon","F","No-take.Parker_Pt.East_Salmon.JAT.2"
9,80,NA,"Parker_Pt","No-take","East_Salmon","F","No-take.Parker_Pt.East_Salmon.JAT.2"
10,90,NA,"Parker_Pt","No-take","East_Salmon","F","No-take.Parker_Pt.East_Salmon.JAT.2"
11,100,NA,"Parker_Pt","No-take","East_Salmon","F","No-take.Parker_Pt.East_Salmon.JAT.2"
12,120,NA,"Parker_Pt","No-take","East_Salmon","F","No-take.Parker_Pt.East_Salmon.JAT.2"
13,200,NA,"Parker_Pt","No-take","East_Salmon","F","No-take.Parker_Pt.East_Salmon.JAT.2"
14,100,NA,"Parker_Pt","No-take","East_Salmon","F","No-take.Parker_Pt.East_Salmon.JAT.3"
15,40,NA,"Parker_Pt","No-take","East_Salmon","J","No-take.Parker_Pt.East_Salmon.JAT.3"
16,200,NA,"Parker_Pt","No-take","East_Salmon","F","No-take.Parker_Pt.East_Salmon.JAT.3"
17,50,NA,"Parker_Pt","No-take","East_Salmon","F","No-take.Parker_Pt.East_Salmon.JAT.3"
18,120,NA,"Parker_Pt","No-take","East_Salmon","F","No-take.Parker_Pt.East_Salmon.JAT.3"
19,130,NA,"Parker_Pt","No-take","East_Salmon","F","No-take.Parker_Pt.East_Salmon.JAT.4"
20,170,NA,"Parker_Pt","No-take","East_Salmon","F","No-take.Parker_Pt.East_Salmon.JAT.4"
21,110,NA,"Parker_Pt","No-take","East_Salmon","F","No-take.Parker_Pt.East_Salmon.JAT.4"
22,70,NA,"Parker_Pt","No-take","East_Salmon","F","No-take.Parker_Pt.East_Salmon.JAT.4"
23,80,NA,"Parker_Pt","No-take","East_Salmon","F","No-take.Parker_Pt.East_Salmon.JAT.4"
24,100,NA,"Parker_Pt","No-take","East_Salmon","F","No-take.Parker_Pt.East_Salmon.JAT.4"
25,130,NA,"Parker_Pt","No-take","East_Salmon","F","No-take.Parker_Pt.East_Salmon.JAT.4"
26,60,NA,"Parker_Pt","No-take","East_Salmon","F","No-take.Parker_Pt.East_Salmon.JAT.4"
27,80,NA,"Parker_Pt","No-take","East_Salmon","F","No-take.Parker_Pt.East_Salmon.JAT.4"
28,250,NA,"Parker_Pt","No-take","East_Salmon","M","No-take.Parker_Pt.East_Salmon.JAT.4"
29,200,NA,"Parker_Pt","No-take","East_Salmon","F","No-take.Parker_Pt.East_Salmon.JAT.4"
30,170,NA,"Parker_Pt","No-take","East_Salmon","F","No-take.Parker_Pt.East_Salmon.JAT.4"
31,80,NA,"Parker_Pt","No-take","East_Salmon","F","No-take.Parker_Pt.East_Salmon.JAT.4"
32,70,NA,"Parker_Pt","No-take","East_Salmon","F","No-take.Parker_Pt.East_Salmon.JAT.4"
33,160,NA,"Parker_Pt","No-take","East_Salmon","F","No-take.Parker_Pt.East_Salmon.JAT.4"
34,60,NA,"Parker_Pt","No-take","East_Salmon","F","No-take.Parker_Pt.East_Salmon.JAT.4"
35,80,NA,"Parker_Pt","No-take","East_Salmon","F","No-take.Parker_Pt.East_Salmon.JAT.4"
36,70,NA,"Parker_Pt","No-take","East_Salmon","F","No-take.Parker_Pt.East_Salmon.JAT.4"
37,90,NA,"Parker_Pt","No-take","East_Salmon","F","No-take.Parker_Pt.East_Salmon.JAT.4"
38,220,NA,"Parker_Pt","No-take","East_Salmon","F","No-take.Parker_Pt.East_Salmon.JAT.4"
39,300,NA,"Parker_Pt","No-take","East_Salmon","M","No-take.Parker_Pt.East_Salmon.JAT.5"
40,250,NA,"Parker_Pt","No-take","East_Salmon","F","No-take.Parker_Pt.East_Salmon.JAT.5"
41,270,NA,"Parker_Pt","No-take","East_Salmon","F","No-take.Parker_Pt.East_Salmon.JAT.5"
42,150,NA,"Parker_Pt","No-take","East_Salmon","F","No-take.Parker_Pt.East_Salmon.JAT.5"
43,100,NA,"Parker_Pt","No-take","East_Salmon","F","No-take.Parker_Pt.East_Salmon.JAT.5"
44,120,NA,"Parker_Pt","No-take","East_Salmon","F","No-take.Parker_Pt.East_Salmon.JAT.5"
45,200,NA,"Parker_Pt","No-take","East_Salmon","F","No-take.Parker_Pt.East_Salmon.JAT.5"
46,120,NA,"Parker_Pt","No-take","East_Salmon","F","No-take.Parker_Pt.East_Salmon.JAT.5"
47,120,NA,"Parker_Pt","No-take","East_Salmon","F","No-take.Parker_Pt.East_Salmon.JAT.5"
48,130,NA,"Parker_Pt","No-take","East_Salmon","F","No-take.Parker_Pt.East_Salmon.JAT.5"
49,300,NA,"Parker_Pt","No-take","East_Salmon","F","No-take.Parker_Pt.East_Salmon.JAT.5"
50,120,NA,"Parker_Pt","No-take","East_Salmon","F","No-take.Parker_Pt.East_Salmon.JAT.5"
51,180,NA,"Parker_Pt","No-take","East_Salmon","F","No-take.Parker_Pt.East_Salmon.JAT.5"
52,120,NA,"Parker_Pt","No-take","East_Salmon","F","No-take.Parker_Pt.East_Salmon.JAT.5"
53,150,NA,"Parker_Pt","No-take","East_Salmon","F","No-take.Parker_Pt.East_Salmon.JAT.5"
54,75,NA,"Parker_Pt","No-take","East_Salmon","F","No-take.Parker_Pt.East_Salmon.EP.1"
55,70,NA,"Parker_Pt","No-take","East_Salmon","F","No-take.Parker_Pt.East_Salmon.EP.1"
56,70,NA,"Parker_Pt","No-take","East_Salmon","F","No-take.Parker_Pt.East_Salmon.EP.1"
57,50,NA,"Parker_Pt","No-take","East_Salmon","F","No-take.Parker_Pt.East_Salmon.EP.2"
58,50,NA,"Parker_Pt","No-take","East_Salmon","F","No-take.Parker_Pt.East_Salmon.EP.2"
59,60,NA,"Parker_Pt","No-take","East_Salmon","F","No-take.Parker_Pt.East_Salmon.EP.2"
60,50,NA,"Parker_Pt","No-take","East_Salmon","F","No-take.Parker_Pt.East_Salmon.EP.2"
61,60,NA,"Parker_Pt","No-take","East_Salmon","F","No-take.Parker_Pt.East_Salmon.EP.2"
62,200,NA,"Parker_Pt","No-take","East_Salmon","F","No-take.Parker_Pt.East_Salmon.EP.2"
63,60,NA,"Parker_Pt","No-take","East_Salmon","F","No-take.Parker_Pt.East_Salmon.EP.3"
64,70,NA,"Parker_Pt","No-take","East_Salmon","F","No-take.Parker_Pt.East_Salmon.EP.3"
65,70,NA,"Parker_Pt","No-take","East_Salmon","F","No-take.Parker_Pt.East_Salmon.EP.3"
66,100,NA,"Parker_Pt","No-take","East_Salmon","F","No-take.Parker_Pt.East_Salmon.EP.3"
67,90,NA,"Parker_Pt","No-take","East_Salmon","F","No-take.Parker_Pt.East_Salmon.EP.3"
68,85,NA,"Parker_Pt","No-take","East_Salmon","F","No-take.Parker_Pt.East_Salmon.EP.3"
69,80,NA,"Parker_Pt","No-take","East_Salmon","F","No-take.Parker_Pt.East_Salmon.EP.4"
70,50,NA,"Parker_Pt","No-take","East_Salmon","F","No-take.Parker_Pt.East_Salmon.EP.4"
71,100,NA,"Parker_Pt","No-take","East_Salmon","F","No-take.Parker_Pt.East_Salmon.EP.4"
72,150,NA,"Parker_Pt","No-take","East_Salmon","F","No-take.Parker_Pt.East_Salmon.EP.4"
73,60,NA,"Parker_Pt","No-take","East_Salmon","F","No-take.Parker_Pt.East_Salmon.EP.4"
74,60,NA,"Parker_Pt","No-take","East_Salmon","F","No-take.Parker_Pt.East_Salmon.EP.4"
75,60,NA,"Parker_Pt","No-take","East_Salmon","F","No-take.Parker_Pt.East_Salmon.EP.4"
76,50,NA,"Parker_Pt","No-take","East_Salmon","F","No-take.Parker_Pt.East_Salmon.EP.5"
77,60,NA,"Parker_Pt","No-take","East_Salmon","F","No-take.Parker_Pt.East_Salmon.EP.5"
78,60,NA,"Parker_Pt","No-take","East_Salmon","F","No-take.Parker_Pt.East_Salmon.EP.5"
79,80,NA,"Parker_Pt","No-take","East_Salmon","F","No-take.Parker_Pt.East_Salmon.EP.5"
80,90,NA,"Parker_Pt","No-take","East_Salmon","F","No-take.Parker_Pt.East_Salmon.EP.5"
81,100,NA,"Parker_Pt","No-take","East_Salmon","F","No-take.Parker_Pt.East_Salmon.EP.5"
82,50,NA,"Parker_Pt","No-take","East_Salmon","F","No-take.Parker_Pt.East_Salmon.EP.5"
83,75,NA,"Parker_Pt","No-take","East_Salmon","F","No-take.Parker_Pt.East_Salmon.EP.5"
84,60,NA,"Parker_Pt","No-take","East_Salmon","F","No-take.Parker_Pt.East_Salmon.EP.5"
85,120,NA,"Parker_Pt","No-take","East_Salmon","F","No-take.Parker_Pt.East_Salmon.EP.5"
86,130,NA,"Parker_Pt","No-take","East_Salmon","F","No-take.Parker_Pt.East_Salmon.EP.5"
87,40,NA,"Parker_Pt","No-take","East_Salmon","F","No-take.Parker_Pt.East_Salmon.EP.5"
88,50,NA,"Parker_Pt","No-take","East_Salmon","F","No-take.Parker_Pt.East_Salmon.EP.5"
89,150,NA,"Parker_Pt","No-take","East_Salmon","F","No-take.Parker_Pt.East_Salmon.ST.1"
90,120,NA,"Parker_Pt","No-take","East_Salmon","F","No-take.Parker_Pt.East_Salmon.ST.1"
91,110,NA,"Parker_Pt","No-take","East_Salmon","F","No-take.Parker_Pt.East_Salmon.ST.1"
92,150,NA,"Parker_Pt","No-take","East_Salmon","F","No-take.Parker_Pt.East_Salmon.ST.1"
93,120,NA,"Parker_Pt","No-take","East_Salmon","F","No-take.Parker_Pt.East_Salmon.ST.1"
94,110,NA,"Parker_Pt","No-take","East_Salmon","F","No-take.Parker_Pt.East_Salmon.ST.2"
95,100,NA,"Parker_Pt","No-take","East_Salmon","F","No-take.Parker_Pt.East_Salmon.ST.2"
96,90,NA,"Parker_Pt","No-take","East_Salmon","F","No-take.Parker_Pt.East_Salmon.ST.2"
97,120,NA,"Parker_Pt","No-take","East_Salmon","F","No-take.Parker_Pt.East_Salmon.ST.2"
98,250,NA,"Parker_Pt","No-take","East_Salmon","F","No-take.Parker_Pt.East_Salmon.ST.3"
99,120,NA,"Parker_Pt","No-take","East_Salmon","F","No-take.Parker_Pt.East_Salmon.ST.3"
100,220,NA,"Parker_Pt","No-take","East_Salmon","F","No-take.Parker_Pt.East_Salmon.ST.3"
101,110,NA,"Parker_Pt","No-take","East_Salmon","F","No-take.Parker_Pt.East_Salmon.ST.3"
102,120,NA,"Parker_Pt","No-take","East_Salmon","F","No-take.Parker_Pt.East_Salmon.ST.3"
103,130,NA,"Parker_Pt","No-take","East_Salmon","F","No-take.Parker_Pt.East_Salmon.ST.3"
104,130,NA,"Parker_Pt","No-take","East_Salmon","F","No-take.Parker_Pt.East_Salmon.ST.3"
105,120,NA,"Parker_Pt","No-take","East_Salmon","F","No-take.Parker_Pt.East_Salmon.ST.3"
106,280,NA,"Parker_Pt","No-take","East_Salmon","M","No-take.Parker_Pt.East_Salmon.ST.3"
107,130,NA,"Parker_Pt","No-take","East_Salmon","F","No-take.Parker_Pt.East_Salmon.ST.4"
108,300,NA,"Parker_Pt","No-take","East_Salmon","M","No-take.Parker_Pt.East_Salmon.ST.5"
109,120,NA,"Parker_Pt","No-take","East_Salmon","F","No-take.Parker_Pt.East_Salmon.ST.5"
110,120,NA,"Parker_Pt","No-take","East_Salmon","F","No-take.Parker_Pt.East_Salmon.ST.5"
111,120,NA,"Parker_Pt","No-take","East_Salmon","F","No-take.Parker_Pt.East_Salmon.ST.5"
112,110,NA,"Parker_Pt","No-take","East_Salmon","F","No-take.Parker_Pt.East_Salmon.ST.5"
113,140,NA,"Parker_Pt","No-take","East_Salmon","F","No-take.Parker_Pt.East_Salmon.ST.5"
114,310,NA,"Parker_Pt","No-take","East_Salmon","M","No-take.Parker_Pt.East_Salmon.ST.5"
115,150,NA,"Parker_Pt","No-take","East_Salmon","F","No-take.Parker_Pt.East_Salmon.ST.5"
116,130,NA,"Parker_Pt","No-take","East_Salmon","F","No-take.Parker_Pt.East_Salmon.ST.5"
117,310,NA,"Parker_Pt","No-take","East_Salmon","M","No-take.Parker_Pt.East_Salmon.ST.5"
118,290,NA,"Parker_Pt","No-take","East_Salmon","M","No-take.Parker_Pt.East_Salmon.ST.5"
119,250,NA,"Parker_Pt","No-take","East_Salmon","F","No-take.Parker_Pt.East_Salmon.ST.5"
120,240,NA,"Parker_Pt","No-take","East_Salmon","F","No-take.Parker_Pt.East_Salmon.ST.5"
121,140,NA,"Parker_Pt","No-take","East_Salmon","F","No-take.Parker_Pt.East_Salmon.ST.5"
122,330,NA,"Parker_Pt","No-take","East_Salmon","M","No-take.Parker_Pt.East_Salmon.ST.5"
123,240,NA,"Parker_Pt","No-take","East_Salmon","F","No-take.Parker_Pt.East_Salmon.ST.5"
124,130,NA,"Parker_Pt","No-take","East_Salmon","F","No-take.Parker_Pt.East_Salmon.ST.5"
126,160,NA,"Armstrong","Fished","Geordie_Bay","F","Fished.Armstrong.Geordie_Bay.AT.2"
127,160,NA,"Armstrong","Fished","Geordie_Bay","F","Fished.Armstrong.Geordie_Bay.AT.2"
128,220,NA,"Armstrong","Fished","Geordie_Bay","F","Fished.Armstrong.Geordie_Bay.AT.2"
129,200,NA,"Armstrong","Fished","Geordie_Bay","F","Fished.Armstrong.Geordie_Bay.AT.3"
130,110,NA,"Armstrong","Fished","Geordie_Bay","F","Fished.Armstrong.Geordie_Bay.AT.3"
131,400,NA,"Armstrong","Fished","Geordie_Bay","M","Fished.Armstrong.Geordie_Bay.AT.4"
132,250,NA,"Armstrong","Fished","Geordie_Bay","F","Fished.Armstrong.Geordie_Bay.AT.4"
133,250,NA,"Armstrong","Fished","Geordie_Bay","F","Fished.Armstrong.Geordie_Bay.AT.5"
134,150,NA,"Armstrong","Fished","Geordie_Bay","F","Fished.Armstrong.Geordie_Bay.AT.5"
135,150,NA,"Armstrong","Fished","Geordie_Bay","F","Fished.Armstrong.Geordie_Bay.AT.5"
136,100,NA,"Armstrong","Fished","Geordie_Bay","F","Fished.Armstrong.Geordie_Bay.AT.5"
137,150,NA,"Armstrong","Fished","Geordie_Bay","F","Fished.Armstrong.Geordie_Bay.AT.5"
138,100,NA,"Armstrong","Fished","Geordie_Bay","F","Fished.Armstrong.Geordie_Bay.AT.5"
141,90,NA,"Armstrong","Fished","Geordie_Bay","F","Fished.Armstrong.Geordie_Bay.EPJ.3"
142,90,NA,"Armstrong","Fished","Geordie_Bay","F","Fished.Armstrong.Geordie_Bay.EPJ.3"
143,50,NA,"Armstrong","Fished","Geordie_Bay","F","Fished.Armstrong.Geordie_Bay.EPJ.3"
146,110,NA,"Armstrong","Fished","Geordie_Bay","F","Fished.Armstrong.Geordie_Bay.ST.1"
147,90,NA,"Armstrong","Fished","Geordie_Bay","F","Fished.Armstrong.Geordie_Bay.ST.1"
148,170,NA,"Armstrong","Fished","Geordie_Bay","F","Fished.Armstrong.Geordie_Bay.ST.1"
149,150,NA,"Armstrong","Fished","Geordie_Bay","F","Fished.Armstrong.Geordie_Bay.ST.1"
153,200,NA,"Green_Island","Fished","East_Strickland","F","Fished.Green_Island.East_Strickland.AT.1"
154,100,NA,"Green_Island","Fished","East_Strickland","F","Fished.Green_Island.East_Strickland.AT.2"
155,200,NA,"Green_Island","Fished","East_Strickland","M","Fished.Green_Island.East_Strickland.AT.3"
156,200,NA,"Green_Island","Fished","East_Strickland","F","Fished.Green_Island.East_Strickland.AT.3"
157,110,NA,"Green_Island","Fished","East_Strickland","F","Fished.Green_Island.East_Strickland.AT.4"
158,200,NA,"Green_Island","Fished","East_Strickland","F","Fished.Green_Island.East_Strickland.AT.5"
159,200,NA,"Green_Island","Fished","East_Strickland","F","Fished.Green_Island.East_Strickland.AT.5"
160,200,NA,"Green_Island","Fished","East_Strickland","F","Fished.Green_Island.East_Strickland.AT.5"
161,200,NA,"Green_Island","Fished","East_Strickland","F","Fished.Green_Island.East_Strickland.AT.5"
162,200,NA,"Green_Island","Fished","East_Strickland","F","Fished.Green_Island.East_Strickland.AT.5"
163,150,NA,"Green_Island","Fished","East_Strickland","F","Fished.Green_Island.East_Strickland.AT.5"
164,80,NA,"Green_Island","Fished","East_Strickland","F","Fished.Green_Island.East_Strickland.EPJ.1"
165,200,NA,"Green_Island","Fished","East_Strickland","F","Fished.Green_Island.East_Strickland.EPJ.1"
166,110,NA,"Green_Island","Fished","East_Strickland","F","Fished.Green_Island.East_Strickland.EPJ.1"
167,190,NA,"Green_Island","Fished","East_Strickland","F","Fished.Green_Island.East_Strickland.EPJ.1"
168,180,NA,"Green_Island","Fished","East_Strickland","F","Fished.Green_Island.East_Strickland.EPJ.2"
169,120,NA,"Green_Island","Fished","East_Strickland","F","Fished.Green_Island.East_Strickland.EPJ.2"
170,90,NA,"Green_Island","Fished","East_Strickland","F","Fished.Green_Island.East_Strickland.EPJ.3"
171,100,NA,"Green_Island","Fished","East_Strickland","F","Fished.Green_Island.East_Strickland.EPJ.3"
172,200,NA,"Green_Island","Fished","East_Strickland","F","Fished.Green_Island.East_Strickland.EPJ.4"
173,100,NA,"Green_Island","Fished","East_Strickland","F","Fished.Green_Island.East_Strickland.EPJ.4"
174,60,NA,"Green_Island","Fished","East_Strickland","F","Fished.Green_Island.East_Strickland.EPJ.4"
175,80,NA,"Green_Island","Fished","East_Strickland","F","Fished.Green_Island.East_Strickland.EPJ.4"
176,40,NA,"Green_Island","Fished","East_Strickland","F","Fished.Green_Island.East_Strickland.EPJ.4"
177,75,NA,"Green_Island","Fished","East_Strickland","F","Fished.Green_Island.East_Strickland.EPJ.4"
178,60,NA,"Green_Island","Fished","East_Strickland","F","Fished.Green_Island.East_Strickland.EPJ.4"
179,55,NA,"Green_Island","Fished","East_Strickland","F","Fished.Green_Island.East_Strickland.EPJ.4"
180,50,NA,"Green_Island","Fished","East_Strickland","F","Fished.Green_Island.East_Strickland.EPJ.5"
181,80,NA,"Green_Island","Fished","East_Strickland","F","Fished.Green_Island.East_Strickland.EPJ.5"
182,180,NA,"Green_Island","Fished","East_Strickland","M","Fished.Green_Island.East_Strickland.EPJ.5"
183,120,NA,"Green_Island","Fished","East_Strickland","F","Fished.Green_Island.East_Strickland.ST.1"
184,100,NA,"Green_Island","Fished","East_Strickland","F","Fished.Green_Island.East_Strickland.ST.1"
185,110,NA,"Green_Island","Fished","East_Strickland","F","Fished.Green_Island.East_Strickland.ST.1"
186,180,NA,"Green_Island","Fished","East_Strickland","F","Fished.Green_Island.East_Strickland.ST.1"
187,290,NA,"Green_Island","Fished","East_Strickland","F","Fished.Green_Island.East_Strickland.ST.1"
188,180,NA,"Green_Island","Fished","East_Strickland","F","Fished.Green_Island.East_Strickland.ST.1"
189,150,NA,"Green_Island","Fished","East_Strickland","F","Fished.Green_Island.East_Strickland.ST.1"
190,190,NA,"Green_Island","Fished","East_Strickland","F","Fished.Green_Island.East_Strickland.ST.1"
191,120,NA,"Green_Island","Fished","East_Strickland","F","Fished.Green_Island.East_Strickland.ST.1"
192,130,NA,"Green_Island","Fished","East_Strickland","F","Fished.Green_Island.East_Strickland.ST.1"
193,160,NA,"Green_Island","Fished","East_Strickland","F","Fished.Green_Island.East_Strickland.ST.1"
194,110,NA,"Green_Island","Fished","East_Strickland","F","Fished.Green_Island.East_Strickland.ST.1"
195,120,NA,"Green_Island","Fished","East_Strickland","F","Fished.Green_Island.East_Strickland.ST.1"
196,120,NA,"Green_Island","Fished","East_Strickland","F","Fished.Green_Island.East_Strickland.ST.1"
197,190,NA,"Green_Island","Fished","East_Strickland","F","Fished.Green_Island.East_Strickland.ST.1"
198,320,NA,"Green_Island","Fished","East_Strickland","M","Fished.Green_Island.East_Strickland.ST.2"
199,180,NA,"Green_Island","Fished","East_Strickland","F","Fished.Green_Island.East_Strickland.ST.2"
200,150,NA,"Green_Island","Fished","East_Strickland","F","Fished.Green_Island.East_Strickland.ST.3"
201,140,NA,"Green_Island","Fished","East_Strickland","F","Fished.Green_Island.East_Strickland.ST.3"
202,130,NA,"Green_Island","Fished","East_Strickland","F","Fished.Green_Island.East_Strickland.ST.3"
203,180,NA,"Green_Island","Fished","East_Strickland","F","Fished.Green_Island.East_Strickland.ST.3"
204,120,NA,"Green_Island","Fished","East_Strickland","F","Fished.Green_Island.East_Strickland.ST.4"
205,120,NA,"Green_Island","Fished","East_Strickland","F","Fished.Green_Island.East_Strickland.ST.4"
206,110,NA,"Green_Island","Fished","East_Strickland","F","Fished.Green_Island.East_Strickland.ST.5"
207,110,NA,"Green_Island","Fished","East_Strickland","F","Fished.Green_Island.East_Strickland.ST.5"
208,110,NA,"Green_Island","Fished","East_Strickland","F","Fished.Green_Island.East_Strickland.ST.5"
209,110,NA,"Green_Island","Fished","East_Strickland","F","Fished.Green_Island.East_Strickland.ST.5"
210,120,NA,"Green_Island","Fished","East_Strickland","F","Fished.Green_Island.East_Strickland.ST.5"
211,120,NA,"Green_Island","Fished","East_Strickland","F","Fished.Green_Island.East_Strickland.ST.5"
212,110,NA,"Green_Island","Fished","East_Strickland","F","Fished.Green_Island.East_Strickland.ST.5"
213,220,NA,"Green_Island","Fished","East_Strickland","F","Fished.Green_Island.East_Strickland.ST.5"
214,250,NA,"Green_Island","Fished","East_Strickland","F","Fished.Green_Island.East_Strickland.ST.5"
215,120,NA,"Green_Island","No-take","Green_Island","F","No-take.Green_Island.Green_Island.AT.1"
216,130,NA,"Green_Island","No-take","Green_Island","F","No-take.Green_Island.Green_Island.AT.1"
217,70,NA,"Green_Island","No-take","Green_Island","F","No-take.Green_Island.Green_Island.AT.1"
218,80,NA,"Green_Island","No-take","Green_Island","F","No-take.Green_Island.Green_Island.AT.1"
219,180,NA,"Green_Island","No-take","Green_Island","F","No-take.Green_Island.Green_Island.AT.1"
220,90,NA,"Green_Island","No-take","Green_Island","F","No-take.Green_Island.Green_Island.AT.1"
221,150,NA,"Green_Island","No-take","Green_Island","F","No-take.Green_Island.Green_Island.AT.2"
222,250,NA,"Green_Island","No-take","Green_Island","F","No-take.Green_Island.Green_Island.AT.2"
223,300,NA,"Green_Island","No-take","Green_Island","M","No-take.Green_Island.Green_Island.AT.2"
224,80,NA,"Green_Island","No-take","Green_Island","F","No-take.Green_Island.Green_Island.AT.3"
225,90,NA,"Green_Island","No-take","Green_Island","F","No-take.Green_Island.Green_Island.AT.3"
226,250,NA,"Green_Island","No-take","Green_Island","M","No-take.Green_Island.Green_Island.AT.3"
227,90,NA,"Green_Island","No-take","Green_Island","F","No-take.Green_Island.Green_Island.AT.3"
228,80,NA,"Green_Island","No-take","Green_Island","F","No-take.Green_Island.Green_Island.AT.3"
229,70,NA,"Green_Island","No-take","Green_Island","F","No-take.Green_Island.Green_Island.AT.3"
230,250,NA,"Green_Island","No-take","Green_Island","F","No-take.Green_Island.Green_Island.AT.3"
231,120,NA,"Green_Island","No-take","Green_Island","F","No-take.Green_Island.Green_Island.AT.3"
232,70,NA,"Green_Island","No-take","Green_Island","F","No-take.Green_Island.Green_Island.AT.3"
233,170,NA,"Green_Island","No-take","Green_Island","F","No-take.Green_Island.Green_Island.AT.3"
234,110,NA,"Green_Island","No-take","Green_Island","F","No-take.Green_Island.Green_Island.AT.3"
235,120,NA,"Green_Island","No-take","Green_Island","F","No-take.Green_Island.Green_Island.AT.3"
236,140,NA,"Green_Island","No-take","Green_Island","F","No-take.Green_Island.Green_Island.AT.3"
237,60,NA,"Green_Island","No-take","Green_Island","F","No-take.Green_Island.Green_Island.AT.3"
238,70,NA,"Green_Island","No-take","Green_Island","F","No-take.Green_Island.Green_Island.AT.3"
239,250,NA,"Green_Island","No-take","Green_Island","M","No-take.Green_Island.Green_Island.AT.3"
240,270,NA,"Green_Island","No-take","Green_Island","M","No-take.Green_Island.Green_Island.AT.4"
241,70,NA,"Green_Island","No-take","Green_Island","F","No-take.Green_Island.Green_Island.AT.4"
242,60,NA,"Green_Island","No-take","Green_Island","F","No-take.Green_Island.Green_Island.AT.5"
243,180,NA,"Green_Island","No-take","Green_Island","F","No-take.Green_Island.Green_Island.AT.5"
244,200,NA,"Green_Island","No-take","Green_Island","F","No-take.Green_Island.Green_Island.AT.5"
245,200,NA,"Green_Island","No-take","Green_Island","F","No-take.Green_Island.Green_Island.AT.5"
246,150,NA,"Green_Island","No-take","Green_Island","F","No-take.Green_Island.Green_Island.AT.5"
247,300,NA,"Green_Island","No-take","Green_Island","M","No-take.Green_Island.Green_Island.AT.5"
248,50,NA,"Green_Island","No-take","Green_Island","F","No-take.Green_Island.Green_Island.EPJ.1"
249,40,NA,"Green_Island","No-take","Green_Island","F","No-take.Green_Island.Green_Island.EPJ.1"
250,40,NA,"Green_Island","No-take","Green_Island","F","No-take.Green_Island.Green_Island.EPJ.1"
251,80,NA,"Green_Island","No-take","Green_Island","F","No-take.Green_Island.Green_Island.EPJ.1"
252,70,NA,"Green_Island","No-take","Green_Island","F","No-take.Green_Island.Green_Island.EPJ.1"
253,75,NA,"Green_Island","No-take","Green_Island","F","No-take.Green_Island.Green_Island.EPJ.1"
254,60,NA,"Green_Island","No-take","Green_Island","F","No-take.Green_Island.Green_Island.EPJ.1"
255,75,NA,"Green_Island","No-take","Green_Island","F","No-take.Green_Island.Green_Island.EPJ.1"
256,200,NA,"Green_Island","No-take","Green_Island","F","No-take.Green_Island.Green_Island.EPJ.2"
257,75,NA,"Green_Island","No-take","Green_Island","F","No-take.Green_Island.Green_Island.EPJ.2"
258,65,NA,"Green_Island","No-take","Green_Island","F","No-take.Green_Island.Green_Island.EPJ.2"
259,50,NA,"Green_Island","No-take","Green_Island","F","No-take.Green_Island.Green_Island.EPJ.2"
260,40,NA,"Green_Island","No-take","Green_Island","F","No-take.Green_Island.Green_Island.EPJ.2"
261,100,NA,"Green_Island","No-take","Green_Island","F","No-take.Green_Island.Green_Island.EPJ.3"
262,180,NA,"Green_Island","No-take","Green_Island","F","No-take.Green_Island.Green_Island.EPJ.3"
263,40,NA,"Green_Island","No-take","Green_Island","F","No-take.Green_Island.Green_Island.EPJ.3"
264,50,NA,"Green_Island","No-take","Green_Island","F","No-take.Green_Island.Green_Island.EPJ.3"
265,190,NA,"Green_Island","No-take","Green_Island","F","No-take.Green_Island.Green_Island.EPJ.4"
266,100,NA,"Green_Island","No-take","Green_Island","F","No-take.Green_Island.Green_Island.EPJ.4"
267,100,NA,"Green_Island","No-take","Green_Island","F","No-take.Green_Island.Green_Island.EPJ.4"
268,80,NA,"Green_Island","No-take","Green_Island","F","No-take.Green_Island.Green_Island.EPJ.4"
269,50,NA,"Green_Island","No-take","Green_Island","F","No-take.Green_Island.Green_Island.EPJ.4"
270,180,NA,"Green_Island","No-take","Green_Island","F","No-take.Green_Island.Green_Island.EPJ.4"
271,200,NA,"Green_Island","No-take","Green_Island","F","No-take.Green_Island.Green_Island.EPJ.4"
272,70,NA,"Green_Island","No-take","Green_Island","F","No-take.Green_Island.Green_Island.EPJ.4"
273,60,NA,"Green_Island","No-take","Green_Island","F","No-take.Green_Island.Green_Island.EPJ.4"
274,60,NA,"Green_Island","No-take","Green_Island","F","No-take.Green_Island.Green_Island.EPJ.4"
275,40,NA,"Green_Island","No-take","Green_Island","J","No-take.Green_Island.Green_Island.EPJ.4"
276,200,NA,"Green_Island","No-take","Green_Island","F","No-take.Green_Island.Green_Island.EPJ.5"
277,190,NA,"Green_Island","No-take","Green_Island","F","No-take.Green_Island.Green_Island.EPJ.5"
278,180,NA,"Green_Island","No-take","Green_Island","F","No-take.Green_Island.Green_Island.EPJ.5"
279,80,NA,"Green_Island","No-take","Green_Island","F","No-take.Green_Island.Green_Island.EPJ.5"
280,40,NA,"Green_Island","No-take","Green_Island","J","No-take.Green_Island.Green_Island.EPJ.5"
281,220,NA,"Green_Island","No-take","Green_Island","F","No-take.Green_Island.Green_Island.ST.1"
282,320,NA,"Green_Island","No-take","Green_Island","M","No-take.Green_Island.Green_Island.ST.1"
283,150,NA,"Green_Island","No-take","Green_Island","F","No-take.Green_Island.Green_Island.ST.1"
284,130,NA,"Green_Island","No-take","Green_Island","F","No-take.Green_Island.Green_Island.ST.1"
286,150,NA,"Green_Island","No-take","Green_Island","F","No-take.Green_Island.Green_Island.ST.3"
287,280,NA,"Green_Island","No-take","Green_Island","F","No-take.Green_Island.Green_Island.ST.4"
288,110,NA,"Green_Island","No-take","Green_Island","F","No-take.Green_Island.Green_Island.ST.4"
289,110,NA,"Green_Island","No-take","Green_Island","F","No-take.Green_Island.Green_Island.ST.4"
290,110,NA,"Green_Island","No-take","Green_Island","F","No-take.Green_Island.Green_Island.ST.4"
291,120,NA,"Green_Island","No-take","Green_Island","F","No-take.Green_Island.Green_Island.ST.4"
292,120,NA,"Green_Island","No-take","Green_Island","F","No-take.Green_Island.Green_Island.ST.4"
293,120,NA,"Green_Island","No-take","Green_Island","F","No-take.Green_Island.Green_Island.ST.4"
294,110,NA,"Green_Island","No-take","Green_Island","F","No-take.Green_Island.Green_Island.ST.4"
295,110,NA,"Green_Island","No-take","Green_Island","F","No-take.Green_Island.Green_Island.ST.4"
296,110,NA,"Green_Island","No-take","Green_Island","F","No-take.Green_Island.Green_Island.ST.4"
297,110,NA,"Green_Island","No-take","Green_Island","F","No-take.Green_Island.Green_Island.ST.4"
298,150,NA,"Green_Island","No-take","Green_Island","F","No-take.Green_Island.Green_Island.ST.4"
299,130,NA,"Green_Island","No-take","Green_Island","F","No-take.Green_Island.Green_Island.ST.4"
300,130,NA,"Green_Island","No-take","Green_Island","F","No-take.Green_Island.Green_Island.ST.4"
301,180,NA,"Green_Island","No-take","Green_Island","F","No-take.Green_Island.Green_Island.ST.4"
302,320,NA,"Green_Island","No-take","Green_Island","M","No-take.Green_Island.Green_Island.ST.5"
303,150,NA,"Green_Island","No-take","Green_Island","F","No-take.Green_Island.Green_Island.ST.5"
304,140,NA,"Green_Island","No-take","Green_Island","F","No-take.Green_Island.Green_Island.ST.5"
305,220,NA,"Green_Island","No-take","Green_Island","F","No-take.Green_Island.Green_Island.ST.5"
306,180,NA,"Green_Island","No-take","Green_Island","F","No-take.Green_Island.Green_Island.ST.5"
307,100,NA,"Armstrong","Fished","Ricey_Beach","J","Fished.Armstrong.Ricey_Beach.AT.1"
308,150,NA,"Armstrong","Fished","Ricey_Beach","F","Fished.Armstrong.Ricey_Beach.AT.1"
309,150,NA,"Armstrong","Fished","Ricey_Beach","F","Fished.Armstrong.Ricey_Beach.AT.1"
310,150,NA,"Armstrong","Fished","Ricey_Beach","F","Fished.Armstrong.Ricey_Beach.AT.1"
311,150,NA,"Armstrong","Fished","Ricey_Beach","F","Fished.Armstrong.Ricey_Beach.AT.1"
312,100,NA,"Armstrong","Fished","Ricey_Beach","F","Fished.Armstrong.Ricey_Beach.AT.1"
313,250,NA,"Armstrong","Fished","Ricey_Beach","F","Fished.Armstrong.Ricey_Beach.AT.2"
314,150,NA,"Armstrong","Fished","Ricey_Beach","F","Fished.Armstrong.Ricey_Beach.AT.2"
315,150,NA,"Armstrong","Fished","Ricey_Beach","F","Fished.Armstrong.Ricey_Beach.AT.3"
316,150,NA,"Armstrong","Fished","Ricey_Beach","F","Fished.Armstrong.Ricey_Beach.AT.3"
317,150,NA,"Armstrong","Fished","Ricey_Beach","F","Fished.Armstrong.Ricey_Beach.AT.3"
318,150,NA,"Armstrong","Fished","Ricey_Beach","F","Fished.Armstrong.Ricey_Beach.AT.3"
319,150,NA,"Armstrong","Fished","Ricey_Beach","F","Fished.Armstrong.Ricey_Beach.AT.3"
320,150,NA,"Armstrong","Fished","Ricey_Beach","F","Fished.Armstrong.Ricey_Beach.AT.3"
321,150,NA,"Armstrong","Fished","Ricey_Beach","F","Fished.Armstrong.Ricey_Beach.AT.3"
322,150,NA,"Armstrong","Fished","Ricey_Beach","F","Fished.Armstrong.Ricey_Beach.AT.3"
323,350,NA,"Armstrong","Fished","Ricey_Beach","M","Fished.Armstrong.Ricey_Beach.AT.3"
325,150,NA,"Armstrong","Fished","Ricey_Beach","F","Fished.Armstrong.Ricey_Beach.AT.5"
326,150,NA,"Armstrong","Fished","Ricey_Beach","F","Fished.Armstrong.Ricey_Beach.AT.5"
327,150,NA,"Armstrong","Fished","Ricey_Beach","F","Fished.Armstrong.Ricey_Beach.AT.5"
328,150,NA,"Armstrong","Fished","Ricey_Beach","F","Fished.Armstrong.Ricey_Beach.AT.5"
329,150,NA,"Armstrong","Fished","Ricey_Beach","F","Fished.Armstrong.Ricey_Beach.AT.5"
330,220,NA,"Armstrong","Fished","Ricey_Beach","M","Fished.Armstrong.Ricey_Beach.EPJ.1"
331,75,NA,"Armstrong","Fished","Ricey_Beach","F","Fished.Armstrong.Ricey_Beach.EPJ.1"
332,70,NA,"Armstrong","Fished","Ricey_Beach","F","Fished.Armstrong.Ricey_Beach.EPJ.1"
333,60,NA,"Armstrong","Fished","Ricey_Beach","F","Fished.Armstrong.Ricey_Beach.EPJ.1"
334,50,NA,"Armstrong","Fished","Ricey_Beach","F","Fished.Armstrong.Ricey_Beach.EPJ.1"
335,90,NA,"Armstrong","Fished","Ricey_Beach","F","Fished.Armstrong.Ricey_Beach.EPJ.1"
336,60,NA,"Armstrong","Fished","Ricey_Beach","F","Fished.Armstrong.Ricey_Beach.EPJ.1"
337,70,NA,"Armstrong","Fished","Ricey_Beach","F","Fished.Armstrong.Ricey_Beach.EPJ.1"
338,100,NA,"Armstrong","Fished","Ricey_Beach","F","Fished.Armstrong.Ricey_Beach.EPJ.1"
339,220,NA,"Armstrong","Fished","Ricey_Beach","F","Fished.Armstrong.Ricey_Beach.EPJ.1"
340,250,NA,"Armstrong","Fished","Ricey_Beach","F","Fished.Armstrong.Ricey_Beach.EPJ.1"
341,150,NA,"Armstrong","Fished","Ricey_Beach","F","Fished.Armstrong.Ricey_Beach.EPJ.1"
342,50,NA,"Armstrong","Fished","Ricey_Beach","F","Fished.Armstrong.Ricey_Beach.EPJ.1"
343,60,NA,"Armstrong","Fished","Ricey_Beach","F","Fished.Armstrong.Ricey_Beach.EPJ.1"
344,70,NA,"Armstrong","Fished","Ricey_Beach","F","Fished.Armstrong.Ricey_Beach.EPJ.1"
345,95,NA,"Armstrong","Fished","Ricey_Beach","F","Fished.Armstrong.Ricey_Beach.EPJ.1"
346,55,NA,"Armstrong","Fished","Ricey_Beach","F","Fished.Armstrong.Ricey_Beach.EPJ.1"
347,100,NA,"Armstrong","Fished","Ricey_Beach","F","Fished.Armstrong.Ricey_Beach.EPJ.1"
348,150,NA,"Armstrong","Fished","Ricey_Beach","F","Fished.Armstrong.Ricey_Beach.EPJ.2"
349,75,NA,"Armstrong","Fished","Ricey_Beach","F","Fished.Armstrong.Ricey_Beach.EPJ.2"
350,60,NA,"Armstrong","Fished","Ricey_Beach","F","Fished.Armstrong.Ricey_Beach.EPJ.2"
351,80,NA,"Armstrong","Fished","Ricey_Beach","F","Fished.Armstrong.Ricey_Beach.EPJ.2"
352,75,NA,"Armstrong","Fished","Ricey_Beach","F","Fished.Armstrong.Ricey_Beach.EPJ.2"
353,60,NA,"Armstrong","Fished","Ricey_Beach","F","Fished.Armstrong.Ricey_Beach.EPJ.2"
354,100,NA,"Armstrong","Fished","Ricey_Beach","F","Fished.Armstrong.Ricey_Beach.EPJ.2"
355,65,NA,"Armstrong","Fished","Ricey_Beach","F","Fished.Armstrong.Ricey_Beach.EPJ.2"
356,90,NA,"Armstrong","Fished","Ricey_Beach","F","Fished.Armstrong.Ricey_Beach.EPJ.2"
357,75,NA,"Armstrong","Fished","Ricey_Beach","F","Fished.Armstrong.Ricey_Beach.EPJ.2"
358,100,NA,"Armstrong","Fished","Ricey_Beach","F","Fished.Armstrong.Ricey_Beach.EPJ.2"
359,60,NA,"Armstrong","Fished","Ricey_Beach","F","Fished.Armstrong.Ricey_Beach.EPJ.2"
360,80,NA,"Armstrong","Fished","Ricey_Beach","F","Fished.Armstrong.Ricey_Beach.EPJ.2"
361,50,NA,"Armstrong","Fished","Ricey_Beach","F","Fished.Armstrong.Ricey_Beach.EPJ.2"
362,200,NA,"Armstrong","Fished","Ricey_Beach","F","Fished.Armstrong.Ricey_Beach.EPJ.2"
363,220,NA,"Armstrong","Fished","Ricey_Beach","F","Fished.Armstrong.Ricey_Beach.EPJ.2"
364,75,NA,"Armstrong","Fished","Ricey_Beach","F","Fished.Armstrong.Ricey_Beach.EPJ.2"
365,70,NA,"Armstrong","Fished","Ricey_Beach","F","Fished.Armstrong.Ricey_Beach.EPJ.2"
366,55,NA,"Armstrong","Fished","Ricey_Beach","F","Fished.Armstrong.Ricey_Beach.EPJ.3"
367,80,NA,"Armstrong","Fished","Ricey_Beach","F","Fished.Armstrong.Ricey_Beach.EPJ.3"
368,30,NA,"Armstrong","Fished","Ricey_Beach","J","Fished.Armstrong.Ricey_Beach.EPJ.4"
369,120,NA,"Armstrong","Fished","Ricey_Beach","F","Fished.Armstrong.Ricey_Beach.EPJ.4"
370,130,NA,"Armstrong","Fished","Ricey_Beach","F","Fished.Armstrong.Ricey_Beach.EPJ.4"
371,50,NA,"Armstrong","Fished","Ricey_Beach","F","Fished.Armstrong.Ricey_Beach.EPJ.4"
372,60,NA,"Armstrong","Fished","Ricey_Beach","F","Fished.Armstrong.Ricey_Beach.EPJ.4"
373,60,NA,"Armstrong","Fished","Ricey_Beach","F","Fished.Armstrong.Ricey_Beach.EPJ.4"
374,60,NA,"Armstrong","Fished","Ricey_Beach","F","Fished.Armstrong.Ricey_Beach.EPJ.4"
375,50,NA,"Armstrong","Fished","Ricey_Beach","F","Fished.Armstrong.Ricey_Beach.EPJ.4"
376,90,NA,"Armstrong","Fished","Ricey_Beach","F","Fished.Armstrong.Ricey_Beach.EPJ.4"
377,80,NA,"Armstrong","Fished","Ricey_Beach","F","Fished.Armstrong.Ricey_Beach.EPJ.4"
378,85,NA,"Armstrong","Fished","Ricey_Beach","F","Fished.Armstrong.Ricey_Beach.EPJ.4"
379,70,NA,"Armstrong","Fished","Ricey_Beach","F","Fished.Armstrong.Ricey_Beach.EPJ.4"
380,50,NA,"Armstrong","Fished","Ricey_Beach","F","Fished.Armstrong.Ricey_Beach.EPJ.4"
381,55,NA,"Armstrong","Fished","Ricey_Beach","F","Fished.Armstrong.Ricey_Beach.EPJ.4"
382,50,NA,"Armstrong","Fished","Ricey_Beach","F","Fished.Armstrong.Ricey_Beach.EPJ.4"
383,55,NA,"Armstrong","Fished","Ricey_Beach","F","Fished.Armstrong.Ricey_Beach.EPJ.4"
384,150,NA,"Armstrong","Fished","Ricey_Beach","F","Fished.Armstrong.Ricey_Beach.EPJ.4"
385,50,NA,"Armstrong","Fished","Ricey_Beach","F","Fished.Armstrong.Ricey_Beach.EPJ.4"
386,60,NA,"Armstrong","Fished","Ricey_Beach","F","Fished.Armstrong.Ricey_Beach.EPJ.4"
387,70,NA,"Armstrong","Fished","Ricey_Beach","F","Fished.Armstrong.Ricey_Beach.EPJ.4"
388,55,NA,"Armstrong","Fished","Ricey_Beach","F","Fished.Armstrong.Ricey_Beach.EPJ.4"
389,75,NA,"Armstrong","Fished","Ricey_Beach","F","Fished.Armstrong.Ricey_Beach.EPJ.4"
390,65,NA,"Armstrong","Fished","Ricey_Beach","F","Fished.Armstrong.Ricey_Beach.EPJ.4"
391,50,NA,"Armstrong","Fished","Ricey_Beach","F","Fished.Armstrong.Ricey_Beach.EPJ.4"
392,190,NA,"Armstrong","Fished","Ricey_Beach","F","Fished.Armstrong.Ricey_Beach.EPJ.4"
393,55,NA,"Armstrong","Fished","Ricey_Beach","F","Fished.Armstrong.Ricey_Beach.EPJ.4"
394,60,NA,"Armstrong","Fished","Ricey_Beach","F","Fished.Armstrong.Ricey_Beach.EPJ.4"
395,50,NA,"Armstrong","Fished","Ricey_Beach","F","Fished.Armstrong.Ricey_Beach.EPJ.4"
396,70,NA,"Armstrong","Fished","Ricey_Beach","F","Fished.Armstrong.Ricey_Beach.EPJ.4"
397,80,NA,"Armstrong","Fished","Ricey_Beach","F","Fished.Armstrong.Ricey_Beach.EPJ.4"
398,60,NA,"Armstrong","Fished","Ricey_Beach","F","Fished.Armstrong.Ricey_Beach.EPJ.4"
399,80,NA,"Armstrong","Fished","Ricey_Beach","F","Fished.Armstrong.Ricey_Beach.EPJ.4"
400,70,NA,"Armstrong","Fished","Ricey_Beach","F","Fished.Armstrong.Ricey_Beach.EPJ.4"
401,100,NA,"Armstrong","Fished","Ricey_Beach","F","Fished.Armstrong.Ricey_Beach.EPJ.5"
402,90,NA,"Armstrong","Fished","Ricey_Beach","F","Fished.Armstrong.Ricey_Beach.EPJ.5"
403,75,NA,"Armstrong","Fished","Ricey_Beach","F","Fished.Armstrong.Ricey_Beach.EPJ.5"
404,60,NA,"Armstrong","Fished","Ricey_Beach","F","Fished.Armstrong.Ricey_Beach.EPJ.5"
405,50,NA,"Armstrong","Fished","Ricey_Beach","F","Fished.Armstrong.Ricey_Beach.EPJ.5"
406,120,NA,"Armstrong","Fished","Ricey_Beach","F","Fished.Armstrong.Ricey_Beach.EPJ.5"
407,95,NA,"Armstrong","Fished","Ricey_Beach","F","Fished.Armstrong.Ricey_Beach.EPJ.5"
408,80,NA,"Armstrong","Fished","Ricey_Beach","F","Fished.Armstrong.Ricey_Beach.EPJ.5"
409,70,NA,"Armstrong","Fished","Ricey_Beach","F","Fished.Armstrong.Ricey_Beach.EPJ.5"
410,70,NA,"Armstrong","Fished","Ricey_Beach","F","Fished.Armstrong.Ricey_Beach.EPJ.5"
411,60,NA,"Armstrong","Fished","Ricey_Beach","F","Fished.Armstrong.Ricey_Beach.EPJ.5"
412,50,NA,"Armstrong","Fished","Ricey_Beach","F","Fished.Armstrong.Ricey_Beach.EPJ.5"
413,50,NA,"Armstrong","Fished","Ricey_Beach","F","Fished.Armstrong.Ricey_Beach.EPJ.5"
414,60,NA,"Armstrong","Fished","Ricey_Beach","F","Fished.Armstrong.Ricey_Beach.EPJ.5"
415,220,NA,"Armstrong","Fished","Ricey_Beach","F","Fished.Armstrong.Ricey_Beach.ST.1"
416,200,NA,"Armstrong","Fished","Ricey_Beach","F","Fished.Armstrong.Ricey_Beach.ST.1"
417,120,NA,"Armstrong","Fished","Ricey_Beach","F","Fished.Armstrong.Ricey_Beach.ST.1"
418,110,NA,"Armstrong","Fished","Ricey_Beach","F","Fished.Armstrong.Ricey_Beach.ST.1"
419,120,NA,"Armstrong","Fished","Ricey_Beach","F","Fished.Armstrong.Ricey_Beach.ST.1"
420,80,NA,"Armstrong","Fished","Ricey_Beach","F","Fished.Armstrong.Ricey_Beach.ST.2"
421,90,NA,"Armstrong","Fished","Ricey_Beach","F","Fished.Armstrong.Ricey_Beach.ST.2"
422,100,NA,"Armstrong","Fished","Ricey_Beach","F","Fished.Armstrong.Ricey_Beach.ST.2"
423,250,NA,"Armstrong","Fished","Ricey_Beach","F","Fished.Armstrong.Ricey_Beach.ST.2"
424,180,NA,"Armstrong","Fished","Ricey_Beach","F","Fished.Armstrong.Ricey_Beach.ST.2"
425,130,NA,"Armstrong","Fished","Ricey_Beach","F","Fished.Armstrong.Ricey_Beach.ST.2"
426,110,NA,"Armstrong","Fished","Ricey_Beach","F","Fished.Armstrong.Ricey_Beach.ST.2"
427,150,NA,"Armstrong","Fished","Ricey_Beach","F","Fished.Armstrong.Ricey_Beach.ST.2"
428,190,NA,"Armstrong","Fished","Ricey_Beach","F","Fished.Armstrong.Ricey_Beach.ST.2"
429,170,NA,"Armstrong","Fished","Ricey_Beach","F","Fished.Armstrong.Ricey_Beach.ST.2"
430,180,NA,"Armstrong","Fished","Ricey_Beach","F","Fished.Armstrong.Ricey_Beach.ST.2"
431,160,NA,"Armstrong","Fished","Ricey_Beach","F","Fished.Armstrong.Ricey_Beach.ST.2"
432,160,NA,"Armstrong","Fished","Ricey_Beach","F","Fished.Armstrong.Ricey_Beach.ST.2"
433,160,NA,"Armstrong","Fished","Ricey_Beach","F","Fished.Armstrong.Ricey_Beach.ST.2"
434,160,NA,"Armstrong","Fished","Ricey_Beach","F","Fished.Armstrong.Ricey_Beach.ST.2"
435,150,NA,"Armstrong","Fished","Ricey_Beach","F","Fished.Armstrong.Ricey_Beach.ST.2"
436,150,NA,"Armstrong","Fished","Ricey_Beach","F","Fished.Armstrong.Ricey_Beach.ST.2"
437,150,NA,"Armstrong","Fished","Ricey_Beach","F","Fished.Armstrong.Ricey_Beach.ST.2"
438,110,NA,"Armstrong","Fished","Ricey_Beach","F","Fished.Armstrong.Ricey_Beach.ST.2"
439,110,NA,"Armstrong","Fished","Ricey_Beach","F","Fished.Armstrong.Ricey_Beach.ST.2"
440,110,NA,"Armstrong","Fished","Ricey_Beach","F","Fished.Armstrong.Ricey_Beach.ST.2"
441,110,NA,"Armstrong","Fished","Ricey_Beach","F","Fished.Armstrong.Ricey_Beach.ST.2"
442,100,NA,"Armstrong","Fished","Ricey_Beach","F","Fished.Armstrong.Ricey_Beach.ST.2"
443,100,NA,"Armstrong","Fished","Ricey_Beach","F","Fished.Armstrong.Ricey_Beach.ST.2"
444,200,NA,"Armstrong","Fished","Ricey_Beach","F","Fished.Armstrong.Ricey_Beach.ST.2"
445,200,NA,"Armstrong","Fished","Ricey_Beach","F","Fished.Armstrong.Ricey_Beach.ST.2"
446,150,NA,"Armstrong","Fished","Ricey_Beach","F","Fished.Armstrong.Ricey_Beach.ST.2"
447,180,NA,"Armstrong","Fished","Ricey_Beach","F","Fished.Armstrong.Ricey_Beach.ST.2"
448,180,NA,"Armstrong","Fished","Ricey_Beach","F","Fished.Armstrong.Ricey_Beach.ST.2"
449,280,NA,"Armstrong","Fished","Ricey_Beach","M","Fished.Armstrong.Ricey_Beach.ST.3"
450,130,NA,"Armstrong","Fished","Ricey_Beach","F","Fished.Armstrong.Ricey_Beach.ST.3"
451,130,NA,"Armstrong","Fished","Ricey_Beach","F","Fished.Armstrong.Ricey_Beach.ST.3"
452,130,NA,"Armstrong","Fished","Ricey_Beach","F","Fished.Armstrong.Ricey_Beach.ST.3"
453,150,NA,"Armstrong","Fished","Ricey_Beach","F","Fished.Armstrong.Ricey_Beach.ST.3"
454,150,NA,"Armstrong","Fished","Ricey_Beach","F","Fished.Armstrong.Ricey_Beach.ST.3"
455,180,NA,"Armstrong","Fished","Ricey_Beach","F","Fished.Armstrong.Ricey_Beach.ST.3"
456,180,NA,"Armstrong","Fished","Ricey_Beach","F","Fished.Armstrong.Ricey_Beach.ST.3"
457,300,NA,"Armstrong","Fished","Ricey_Beach","M","Fished.Armstrong.Ricey_Beach.ST.3"
458,80,NA,"Armstrong","Fished","Ricey_Beach","J","Fished.Armstrong.Ricey_Beach.ST.3"
459,80,NA,"Armstrong","Fished","Ricey_Beach","J","Fished.Armstrong.Ricey_Beach.ST.3"
460,70,NA,"Armstrong","Fished","Ricey_Beach","J","Fished.Armstrong.Ricey_Beach.ST.3"
461,80,NA,"Armstrong","Fished","Ricey_Beach","J","Fished.Armstrong.Ricey_Beach.ST.3"
462,80,NA,"Armstrong","Fished","Ricey_Beach","J","Fished.Armstrong.Ricey_Beach.ST.3"
463,80,NA,"Armstrong","Fished","Ricey_Beach","J","Fished.Armstrong.Ricey_Beach.ST.3"
464,90,NA,"Armstrong","Fished","Ricey_Beach","F","Fished.Armstrong.Ricey_Beach.ST.4"
465,290,NA,"Armstrong","Fished","Ricey_Beach","M","Fished.Armstrong.Ricey_Beach.ST.4"
466,220,NA,"Armstrong","Fished","Ricey_Beach","F","Fished.Armstrong.Ricey_Beach.ST.4"
467,130,NA,"Armstrong","Fished","Ricey_Beach","F","Fished.Armstrong.Ricey_Beach.ST.4"
468,140,NA,"Armstrong","Fished","Ricey_Beach","F","Fished.Armstrong.Ricey_Beach.ST.4"
469,180,NA,"Armstrong","Fished","Ricey_Beach","F","Fished.Armstrong.Ricey_Beach.ST.4"
470,170,NA,"Armstrong","Fished","Ricey_Beach","F","Fished.Armstrong.Ricey_Beach.ST.4"
471,290,NA,"Armstrong","Fished","Ricey_Beach","M","Fished.Armstrong.Ricey_Beach.ST.4"
472,270,NA,"Armstrong","Fished","Ricey_Beach","M","Fished.Armstrong.Ricey_Beach.ST.5"
473,120,NA,"Parker_Pt","No-take","Little Salmon_Bay","F","No-take.Parker_Pt.Little Salmon_Bay.EAA.1"
474,250,NA,"Parker_Pt","No-take","Little Salmon_Bay","F","No-take.Parker_Pt.Little Salmon_Bay.EAA.1"
475,120,NA,"Parker_Pt","No-take","Little Salmon_Bay","F","No-take.Parker_Pt.Little Salmon_Bay.EAA.2"
476,400,NA,"Parker_Pt","No-take","Little Salmon_Bay","M","No-take.Parker_Pt.Little Salmon_Bay.EAA.2"
477,120,NA,"Parker_Pt","No-take","Little Salmon_Bay","F","No-take.Parker_Pt.Little Salmon_Bay.EAA.2"
478,120,NA,"Parker_Pt","No-take","Little Salmon_Bay","F","No-take.Parker_Pt.Little Salmon_Bay.EAA.2"
479,100,NA,"Parker_Pt","No-take","Little Salmon_Bay","F","No-take.Parker_Pt.Little Salmon_Bay.EAA.2"
480,80,NA,"Parker_Pt","No-take","Little Salmon_Bay","F","No-take.Parker_Pt.Little Salmon_Bay.EAA.2"
481,150,NA,"Parker_Pt","No-take","Little Salmon_Bay","F","No-take.Parker_Pt.Little Salmon_Bay.EAA.3"
482,380,NA,"Parker_Pt","No-take","Little Salmon_Bay","M","No-take.Parker_Pt.Little Salmon_Bay.EAA.3"
483,60,NA,"Parker_Pt","No-take","Little Salmon_Bay","F","No-take.Parker_Pt.Little Salmon_Bay.EAA.3"
484,60,NA,"Parker_Pt","No-take","Little Salmon_Bay","F","No-take.Parker_Pt.Little Salmon_Bay.EAA.3"
485,350,NA,"Parker_Pt","No-take","Little Salmon_Bay","F","No-take.Parker_Pt.Little Salmon_Bay.EAA.3"
486,420,NA,"Parker_Pt","No-take","Little Salmon_Bay","M","No-take.Parker_Pt.Little Salmon_Bay.EAA.3"
487,240,NA,"Parker_Pt","No-take","Little Salmon_Bay","F","No-take.Parker_Pt.Little Salmon_Bay.EAA.3"
488,240,NA,"Parker_Pt","No-take","Little Salmon_Bay","F","No-take.Parker_Pt.Little Salmon_Bay.EAA.3"
489,210,NA,"Parker_Pt","No-take","Little Salmon_Bay","F","No-take.Parker_Pt.Little Salmon_Bay.EAA.4"
490,200,NA,"Parker_Pt","No-take","Little Salmon_Bay","F","No-take.Parker_Pt.Little Salmon_Bay.EAA.4"
491,280,NA,"Parker_Pt","No-take","Little Salmon_Bay","F","No-take.Parker_Pt.Little Salmon_Bay.EAA.4"
492,120,NA,"Parker_Pt","No-take","Little Salmon_Bay","F","No-take.Parker_Pt.Little Salmon_Bay.EAA.4"
493,150,NA,"Parker_Pt","No-take","Little Salmon_Bay","F","No-take.Parker_Pt.Little Salmon_Bay.EAA.4"
494,150,NA,"Parker_Pt","No-take","Little Salmon_Bay","F","No-take.Parker_Pt.Little Salmon_Bay.EAA.4"
495,290,NA,"Parker_Pt","No-take","Little Salmon_Bay","F","No-take.Parker_Pt.Little Salmon_Bay.EAA.4"
496,140,NA,"Parker_Pt","No-take","Little Salmon_Bay","F","No-take.Parker_Pt.Little Salmon_Bay.EAA.5"
497,100,NA,"Parker_Pt","No-take","Little Salmon_Bay","F","No-take.Parker_Pt.Little Salmon_Bay.EAA.5"
498,120,NA,"Parker_Pt","No-take","Little Salmon_Bay","F","No-take.Parker_Pt.Little Salmon_Bay.EAA.5"
499,110,NA,"Parker_Pt","No-take","Little Salmon_Bay","F","No-take.Parker_Pt.Little Salmon_Bay.EAA.5"
500,200,NA,"Parker_Pt","No-take","Little Salmon_Bay","F","No-take.Parker_Pt.Little Salmon_Bay.EAA.5"
501,110,NA,"Parker_Pt","No-take","Little Salmon_Bay","F","No-take.Parker_Pt.Little Salmon_Bay.EAA.5"
502,310,NA,"Parker_Pt","No-take","Little Salmon_Bay","F","No-take.Parker_Pt.Little Salmon_Bay.EAA.5"
503,120,NA,"Parker_Pt","No-take","Little Salmon_Bay","F","No-take.Parker_Pt.Little Salmon_Bay.EAA.5"
504,100,NA,"Parker_Pt","No-take","Little Salmon_Bay","F","No-take.Parker_Pt.Little Salmon_Bay.EAA.5"
505,180,NA,"Parker_Pt","No-take","Little Salmon_Bay","F","No-take.Parker_Pt.Little Salmon_Bay.AH.1"
506,180,NA,"Parker_Pt","No-take","Little Salmon_Bay","F","No-take.Parker_Pt.Little Salmon_Bay.AH.1"
507,180,NA,"Parker_Pt","No-take","Little Salmon_Bay","F","No-take.Parker_Pt.Little Salmon_Bay.AH.1"
508,180,NA,"Parker_Pt","No-take","Little Salmon_Bay","F","No-take.Parker_Pt.Little Salmon_Bay.AH.1"
509,180,NA,"Parker_Pt","No-take","Little Salmon_Bay","F","No-take.Parker_Pt.Little Salmon_Bay.AH.1"
510,180,NA,"Parker_Pt","No-take","Little Salmon_Bay","F","No-take.Parker_Pt.Little Salmon_Bay.AH.1"
511,180,NA,"Parker_Pt","No-take","Little Salmon_Bay","F","No-take.Parker_Pt.Little Salmon_Bay.AH.1"
512,180,NA,"Parker_Pt","No-take","Little Salmon_Bay","F","No-take.Parker_Pt.Little Salmon_Bay.AH.1"
513,180,NA,"Parker_Pt","No-take","Little Salmon_Bay","F","No-take.Parker_Pt.Little Salmon_Bay.AH.1"
514,180,NA,"Parker_Pt","No-take","Little Salmon_Bay","F","No-take.Parker_Pt.Little Salmon_Bay.AH.1"
515,130,NA,"Parker_Pt","No-take","Little Salmon_Bay","F","No-take.Parker_Pt.Little Salmon_Bay.AH.1"
516,130,NA,"Parker_Pt","No-take","Little Salmon_Bay","F","No-take.Parker_Pt.Little Salmon_Bay.AH.1"
517,130,NA,"Parker_Pt","No-take","Little Salmon_Bay","F","No-take.Parker_Pt.Little Salmon_Bay.AH.1"
518,130,NA,"Parker_Pt","No-take","Little Salmon_Bay","F","No-take.Parker_Pt.Little Salmon_Bay.AH.1"
519,130,NA,"Parker_Pt","No-take","Little Salmon_Bay","F","No-take.Parker_Pt.Little Salmon_Bay.AH.1"
520,130,NA,"Parker_Pt","No-take","Little Salmon_Bay","F","No-take.Parker_Pt.Little Salmon_Bay.AH.1"
521,130,NA,"Parker_Pt","No-take","Little Salmon_Bay","F","No-take.Parker_Pt.Little Salmon_Bay.AH.1"
522,130,NA,"Parker_Pt","No-take","Little Salmon_Bay","F","No-take.Parker_Pt.Little Salmon_Bay.AH.1"
523,130,NA,"Parker_Pt","No-take","Little Salmon_Bay","F","No-take.Parker_Pt.Little Salmon_Bay.AH.1"
524,130,NA,"Parker_Pt","No-take","Little Salmon_Bay","F","No-take.Parker_Pt.Little Salmon_Bay.AH.1"
525,130,NA,"Parker_Pt","No-take","Little Salmon_Bay","F","No-take.Parker_Pt.Little Salmon_Bay.AH.1"
526,130,NA,"Parker_Pt","No-take","Little Salmon_Bay","F","No-take.Parker_Pt.Little Salmon_Bay.AH.1"
527,130,NA,"Parker_Pt","No-take","Little Salmon_Bay","F","No-take.Parker_Pt.Little Salmon_Bay.AH.1"
528,130,NA,"Parker_Pt","No-take","Little Salmon_Bay","F","No-take.Parker_Pt.Little Salmon_Bay.AH.1"
529,130,NA,"Parker_Pt","No-take","Little Salmon_Bay","F","No-take.Parker_Pt.Little Salmon_Bay.AH.1"
530,130,NA,"Parker_Pt","No-take","Little Salmon_Bay","F","No-take.Parker_Pt.Little Salmon_Bay.AH.1"
531,130,NA,"Parker_Pt","No-take","Little Salmon_Bay","F","No-take.Parker_Pt.Little Salmon_Bay.AH.1"
532,130,NA,"Parker_Pt","No-take","Little Salmon_Bay","F","No-take.Parker_Pt.Little Salmon_Bay.AH.1"
533,130,NA,"Parker_Pt","No-take","Little Salmon_Bay","F","No-take.Parker_Pt.Little Salmon_Bay.AH.1"
534,130,NA,"Parker_Pt","No-take","Little Salmon_Bay","F","No-take.Parker_Pt.Little Salmon_Bay.AH.1"
535,130,NA,"Parker_Pt","No-take","Little Salmon_Bay","F","No-take.Parker_Pt.Little Salmon_Bay.AH.1"
536,120,NA,"Parker_Pt","No-take","Little Salmon_Bay","F","No-take.Parker_Pt.Little Salmon_Bay.AH.1"
537,80,NA,"Parker_Pt","No-take","Little Salmon_Bay","F","No-take.Parker_Pt.Little Salmon_Bay.AH.2"
538,70,NA,"Parker_Pt","No-take","Little Salmon_Bay","F","No-take.Parker_Pt.Little Salmon_Bay.AH.2"
539,90,NA,"Parker_Pt","No-take","Little Salmon_Bay","F","No-take.Parker_Pt.Little Salmon_Bay.AH.2"
540,90,NA,"Parker_Pt","No-take","Little Salmon_Bay","F","No-take.Parker_Pt.Little Salmon_Bay.AH.2"
541,90,NA,"Parker_Pt","No-take","Little Salmon_Bay","F","No-take.Parker_Pt.Little Salmon_Bay.AH.2"
542,90,NA,"Parker_Pt","No-take","Little Salmon_Bay","F","No-take.Parker_Pt.Little Salmon_Bay.AH.2"
543,80,NA,"Parker_Pt","No-take","Little Salmon_Bay","F","No-take.Parker_Pt.Little Salmon_Bay.AH.2"
544,80,NA,"Parker_Pt","No-take","Little Salmon_Bay","F","No-take.Parker_Pt.Little Salmon_Bay.AH.2"
545,70,NA,"Parker_Pt","No-take","Little Salmon_Bay","F","No-take.Parker_Pt.Little Salmon_Bay.AH.2"
546,50,NA,"Parker_Pt","No-take","Little Salmon_Bay","F","No-take.Parker_Pt.Little Salmon_Bay.AH.3"
547,50,NA,"Parker_Pt","No-take","Little Salmon_Bay","F","No-take.Parker_Pt.Little Salmon_Bay.AH.3"
548,50,NA,"Parker_Pt","No-take","Little Salmon_Bay","F","No-take.Parker_Pt.Little Salmon_Bay.AH.3"
549,150,NA,"Parker_Pt","No-take","Little Salmon_Bay","M","No-take.Parker_Pt.Little Salmon_Bay.AH.3"
550,100,NA,"Parker_Pt","No-take","Little Salmon_Bay","F","No-take.Parker_Pt.Little Salmon_Bay.AH.3"
551,200,NA,"Parker_Pt","No-take","Little Salmon_Bay","M","No-take.Parker_Pt.Little Salmon_Bay.AH.3"
552,140,NA,"Parker_Pt","No-take","Little Salmon_Bay","F","No-take.Parker_Pt.Little Salmon_Bay.AH.3"
553,120,NA,"Parker_Pt","No-take","Little Salmon_Bay","F","No-take.Parker_Pt.Little Salmon_Bay.AH.4"
554,120,NA,"Parker_Pt","No-take","Little Salmon_Bay","F","No-take.Parker_Pt.Little Salmon_Bay.AH.4"
555,120,NA,"Parker_Pt","No-take","Little Salmon_Bay","F","No-take.Parker_Pt.Little Salmon_Bay.AH.4"
556,150,NA,"Parker_Pt","No-take","Little Salmon_Bay","F","No-take.Parker_Pt.Little Salmon_Bay.AH.4"
557,150,NA,"Parker_Pt","No-take","Little Salmon_Bay","F","No-take.Parker_Pt.Little Salmon_Bay.AH.4"
558,100,NA,"Parker_Pt","No-take","Little Salmon_Bay","F","No-take.Parker_Pt.Little Salmon_Bay.AH.4"
559,100,NA,"Parker_Pt","No-take","Little Salmon_Bay","F","No-take.Parker_Pt.Little Salmon_Bay.AH.4"
560,100,NA,"Parker_Pt","No-take","Little Salmon_Bay","F","No-take.Parker_Pt.Little Salmon_Bay.AH.4"
561,100,NA,"Parker_Pt","No-take","Little Salmon_Bay","F","No-take.Parker_Pt.Little Salmon_Bay.AH.4"
562,100,NA,"Parker_Pt","No-take","Little Salmon_Bay","F","No-take.Parker_Pt.Little Salmon_Bay.AH.4"
563,100,NA,"Parker_Pt","No-take","Little Salmon_Bay","F","No-take.Parker_Pt.Little Salmon_Bay.AH.4"
564,100,NA,"Parker_Pt","No-take","Little Salmon_Bay","F","No-take.Parker_Pt.Little Salmon_Bay.AH.4"
565,100,NA,"Parker_Pt","No-take","Little Salmon_Bay","F","No-take.Parker_Pt.Little Salmon_Bay.AH.4"
566,100,NA,"Parker_Pt","No-take","Little Salmon_Bay","F","No-take.Parker_Pt.Little Salmon_Bay.AH.4"
567,140,NA,"Parker_Pt","No-take","Little Salmon_Bay","F","No-take.Parker_Pt.Little Salmon_Bay.AH.4"
568,140,NA,"Parker_Pt","No-take","Little Salmon_Bay","F","No-take.Parker_Pt.Little Salmon_Bay.AH.4"
569,140,NA,"Parker_Pt","No-take","Little Salmon_Bay","F","No-take.Parker_Pt.Little Salmon_Bay.AH.4"
570,100,NA,"Parker_Pt","No-take","Little Salmon_Bay","J","No-take.Parker_Pt.Little Salmon_Bay.AH.4"
571,350,NA,"Parker_Pt","No-take","Little Salmon_Bay","M","No-take.Parker_Pt.Little Salmon_Bay.AH.4"
572,110,NA,"Parker_Pt","No-take","Little Salmon_Bay","M","No-take.Parker_Pt.Little Salmon_Bay.AH.5"
573,80,NA,"Parker_Pt","No-take","Little Salmon_Bay","F","No-take.Parker_Pt.Little Salmon_Bay.AH.5"
574,90,NA,"Parker_Pt","No-take","Little Salmon_Bay","F","No-take.Parker_Pt.Little Salmon_Bay.AH.5"
575,60,NA,"Parker_Pt","No-take","Little Salmon_Bay","F","No-take.Parker_Pt.Little Salmon_Bay.AH.5"
576,80,NA,"Parker_Pt","No-take","Little Salmon_Bay","F","No-take.Parker_Pt.Little Salmon_Bay.AH.5"
577,70,NA,"Parker_Pt","No-take","Little Salmon_Bay","F","No-take.Parker_Pt.Little Salmon_Bay.AH.5"
578,100,NA,"Parker_Pt","No-take","Little Salmon_Bay","F","No-take.Parker_Pt.Little Salmon_Bay.JH.1"
579,100,NA,"Parker_Pt","No-take","Little Salmon_Bay","F","No-take.Parker_Pt.Little Salmon_Bay.JH.1"
580,120,NA,"Parker_Pt","No-take","Little Salmon_Bay","F","No-take.Parker_Pt.Little Salmon_Bay.JH.1"
581,250,NA,"Parker_Pt","No-take","Little Salmon_Bay","M","No-take.Parker_Pt.Little Salmon_Bay.JH.1"
582,90,NA,"Parker_Pt","No-take","Little Salmon_Bay","F","No-take.Parker_Pt.Little Salmon_Bay.JH.1"
583,90,NA,"Parker_Pt","No-take","Little Salmon_Bay","F","No-take.Parker_Pt.Little Salmon_Bay.JH.1"
584,110,NA,"Parker_Pt","No-take","Little Salmon_Bay","F","No-take.Parker_Pt.Little Salmon_Bay.JH.1"
585,95,NA,"Parker_Pt","No-take","Little Salmon_Bay","F","No-take.Parker_Pt.Little Salmon_Bay.JH.1"
586,100,NA,"Parker_Pt","No-take","Little Salmon_Bay","F","No-take.Parker_Pt.Little Salmon_Bay.JH.2"
587,150,NA,"Parker_Pt","No-take","Little Salmon_Bay","F","No-take.Parker_Pt.Little Salmon_Bay.JH.2"
588,110,NA,"Parker_Pt","No-take","Little Salmon_Bay","F","No-take.Parker_Pt.Little Salmon_Bay.JH.2"
589,90,NA,"Parker_Pt","No-take","Little Salmon_Bay","F","No-take.Parker_Pt.Little Salmon_Bay.JH.2"
590,110,NA,"Parker_Pt","No-take","Little Salmon_Bay","F","No-take.Parker_Pt.Little Salmon_Bay.JH.2"
591,110,NA,"Parker_Pt","No-take","Little Salmon_Bay","F","No-take.Parker_Pt.Little Salmon_Bay.JH.2"
592,110,NA,"Parker_Pt","No-take","Little Salmon_Bay","F","No-take.Parker_Pt.Little Salmon_Bay.JH.2"
593,100,NA,"Parker_Pt","No-take","Little Salmon_Bay","F","No-take.Parker_Pt.Little Salmon_Bay.JH.2"
594,105,NA,"Parker_Pt","No-take","Little Salmon_Bay","F","No-take.Parker_Pt.Little Salmon_Bay.JH.2"
595,120,NA,"Parker_Pt","No-take","Little Salmon_Bay","F","No-take.Parker_Pt.Little Salmon_Bay.JH.2"
596,220,NA,"Parker_Pt","No-take","Little Salmon_Bay","F","No-take.Parker_Pt.Little Salmon_Bay.JH.3"
597,90,NA,"Parker_Pt","No-take","Little Salmon_Bay","F","No-take.Parker_Pt.Little Salmon_Bay.JH.3"
598,90,NA,"Parker_Pt","No-take","Little Salmon_Bay","F","No-take.Parker_Pt.Little Salmon_Bay.JH.3"
599,250,NA,"Parker_Pt","No-take","Little Salmon_Bay","F","No-take.Parker_Pt.Little Salmon_Bay.JH.3"
600,120,NA,"Parker_Pt","No-take","Little Salmon_Bay","F","No-take.Parker_Pt.Little Salmon_Bay.JH.3"
601,110,NA,"Parker_Pt","No-take","Little Salmon_Bay","F","No-take.Parker_Pt.Little Salmon_Bay.JH.3"
602,200,NA,"Parker_Pt","No-take","Little Salmon_Bay","F","No-take.Parker_Pt.Little Salmon_Bay.JH.4"
603,100,NA,"Parker_Pt","No-take","Little Salmon_Bay","F","No-take.Parker_Pt.Little Salmon_Bay.JH.4"
604,110,NA,"Parker_Pt","No-take","Little Salmon_Bay","F","No-take.Parker_Pt.Little Salmon_Bay.JH.4"
605,110,NA,"Parker_Pt","No-take","Little Salmon_Bay","F","No-take.Parker_Pt.Little Salmon_Bay.JH.4"
606,70,NA,"Parker_Pt","No-take","Little Salmon_Bay","J","No-take.Parker_Pt.Little Salmon_Bay.JH.4"
607,110,NA,"Parker_Pt","No-take","Little Salmon_Bay","F","No-take.Parker_Pt.Little Salmon_Bay.JH.4"
608,110,NA,"Parker_Pt","No-take","Little Salmon_Bay","F","No-take.Parker_Pt.Little Salmon_Bay.JH.5"
609,110,NA,"Parker_Pt","No-take","Little Salmon_Bay","F","No-take.Parker_Pt.Little Salmon_Bay.JH.5"
610,130,NA,"Parker_Pt","No-take","Little Salmon_Bay","F","No-take.Parker_Pt.Little Salmon_Bay.JH.5"
611,130,NA,"Armstrong","No-take","Little_Armstrong_Bay","F","No-take.Armstrong.Little_Armstrong_Bay.AAE.1"
612,200,NA,"Armstrong","No-take","Little_Armstrong_Bay","F","No-take.Armstrong.Little_Armstrong_Bay.AAE.1"
613,200,NA,"Armstrong","No-take","Little_Armstrong_Bay","F","No-take.Armstrong.Little_Armstrong_Bay.AAE.1"
614,200,NA,"Armstrong","No-take","Little_Armstrong_Bay","F","No-take.Armstrong.Little_Armstrong_Bay.AAE.1"
615,200,NA,"Armstrong","No-take","Little_Armstrong_Bay","F","No-take.Armstrong.Little_Armstrong_Bay.AAE.1"
616,100,NA,"Armstrong","No-take","Little_Armstrong_Bay","J","No-take.Armstrong.Little_Armstrong_Bay.AAE.1"
617,400,NA,"Armstrong","No-take","Little_Armstrong_Bay","M","No-take.Armstrong.Little_Armstrong_Bay.AAE.2"
618,150,NA,"Armstrong","No-take","Little_Armstrong_Bay","F","No-take.Armstrong.Little_Armstrong_Bay.AAE.2"
619,150,NA,"Armstrong","No-take","Little_Armstrong_Bay","F","No-take.Armstrong.Little_Armstrong_Bay.AAE.2"
620,150,NA,"Armstrong","No-take","Little_Armstrong_Bay","F","No-take.Armstrong.Little_Armstrong_Bay.AAE.2"
621,150,NA,"Armstrong","No-take","Little_Armstrong_Bay","F","No-take.Armstrong.Little_Armstrong_Bay.AAE.2"
622,150,NA,"Armstrong","No-take","Little_Armstrong_Bay","F","No-take.Armstrong.Little_Armstrong_Bay.AAE.2"
623,150,NA,"Armstrong","No-take","Little_Armstrong_Bay","F","No-take.Armstrong.Little_Armstrong_Bay.AAE.2"
624,150,NA,"Armstrong","No-take","Little_Armstrong_Bay","F","No-take.Armstrong.Little_Armstrong_Bay.AAE.2"
625,100,NA,"Armstrong","No-take","Little_Armstrong_Bay","F","No-take.Armstrong.Little_Armstrong_Bay.AAE.2"
626,200,NA,"Armstrong","No-take","Little_Armstrong_Bay","F","No-take.Armstrong.Little_Armstrong_Bay.AAE.2"
627,200,NA,"Armstrong","No-take","Little_Armstrong_Bay","F","No-take.Armstrong.Little_Armstrong_Bay.AAE.3"
628,200,NA,"Armstrong","No-take","Little_Armstrong_Bay","F","No-take.Armstrong.Little_Armstrong_Bay.AAE.3"
629,200,NA,"Armstrong","No-take","Little_Armstrong_Bay","F","No-take.Armstrong.Little_Armstrong_Bay.AAE.3"
630,150,NA,"Armstrong","No-take","Little_Armstrong_Bay","F","No-take.Armstrong.Little_Armstrong_Bay.AAE.3"
631,150,NA,"Armstrong","No-take","Little_Armstrong_Bay","F","No-take.Armstrong.Little_Armstrong_Bay.AAE.3"
632,150,NA,"Armstrong","No-take","Little_Armstrong_Bay","F","No-take.Armstrong.Little_Armstrong_Bay.AAE.3"
633,150,NA,"Armstrong","No-take","Little_Armstrong_Bay","F","No-take.Armstrong.Little_Armstrong_Bay.AAE.3"
634,150,NA,"Armstrong","No-take","Little_Armstrong_Bay","F","No-take.Armstrong.Little_Armstrong_Bay.AAE.3"
635,300,NA,"Armstrong","No-take","Little_Armstrong_Bay","M","No-take.Armstrong.Little_Armstrong_Bay.AAE.3"
636,170,NA,"Armstrong","No-take","Little_Armstrong_Bay","F","No-take.Armstrong.Little_Armstrong_Bay.AAE.4"
637,170,NA,"Armstrong","No-take","Little_Armstrong_Bay","F","No-take.Armstrong.Little_Armstrong_Bay.AAE.4"
638,150,NA,"Armstrong","No-take","Little_Armstrong_Bay","F","No-take.Armstrong.Little_Armstrong_Bay.AAE.5"
639,150,NA,"Armstrong","No-take","Little_Armstrong_Bay","F","No-take.Armstrong.Little_Armstrong_Bay.AAE.5"
640,150,NA,"Armstrong","No-take","Little_Armstrong_Bay","F","No-take.Armstrong.Little_Armstrong_Bay.AAE.6"
641,150,NA,"Armstrong","No-take","Little_Armstrong_Bay","F","No-take.Armstrong.Little_Armstrong_Bay.AAE.6"
642,150,NA,"Armstrong","No-take","Little_Armstrong_Bay","F","No-take.Armstrong.Little_Armstrong_Bay.AAE.6"
643,150,NA,"Armstrong","No-take","Little_Armstrong_Bay","F","No-take.Armstrong.Little_Armstrong_Bay.AAE.6"
644,150,NA,"Armstrong","No-take","Little_Armstrong_Bay","F","No-take.Armstrong.Little_Armstrong_Bay.AAE.6"
645,150,NA,"Armstrong","No-take","Little_Armstrong_Bay","F","No-take.Armstrong.Little_Armstrong_Bay.AAE.6"
646,150,NA,"Armstrong","No-take","Little_Armstrong_Bay","F","No-take.Armstrong.Little_Armstrong_Bay.AAE.6"
647,150,NA,"Armstrong","No-take","Little_Armstrong_Bay","F","No-take.Armstrong.Little_Armstrong_Bay.AAE.6"
648,150,NA,"Armstrong","No-take","Little_Armstrong_Bay","F","No-take.Armstrong.Little_Armstrong_Bay.AAE.6"
649,150,NA,"Armstrong","No-take","Little_Armstrong_Bay","F","No-take.Armstrong.Little_Armstrong_Bay.AAE.6"
650,150,NA,"Armstrong","No-take","Little_Armstrong_Bay","F","No-take.Armstrong.Little_Armstrong_Bay.AAE.6"
651,150,NA,"Armstrong","No-take","Little_Armstrong_Bay","F","No-take.Armstrong.Little_Armstrong_Bay.AAE.6"
652,150,NA,"Armstrong","No-take","Little_Armstrong_Bay","F","No-take.Armstrong.Little_Armstrong_Bay.AAE.6"
653,150,NA,"Armstrong","No-take","Little_Armstrong_Bay","F","No-take.Armstrong.Little_Armstrong_Bay.AAE.6"
654,150,NA,"Armstrong","No-take","Little_Armstrong_Bay","F","No-take.Armstrong.Little_Armstrong_Bay.AAE.6"
655,150,NA,"Armstrong","No-take","Little_Armstrong_Bay","F","No-take.Armstrong.Little_Armstrong_Bay.AAE.6"
656,150,NA,"Armstrong","No-take","Little_Armstrong_Bay","F","No-take.Armstrong.Little_Armstrong_Bay.AAE.6"
657,150,NA,"Armstrong","No-take","Little_Armstrong_Bay","F","No-take.Armstrong.Little_Armstrong_Bay.AAE.6"
658,150,NA,"Armstrong","No-take","Little_Armstrong_Bay","F","No-take.Armstrong.Little_Armstrong_Bay.AAE.6"
659,150,NA,"Armstrong","No-take","Little_Armstrong_Bay","F","No-take.Armstrong.Little_Armstrong_Bay.AAE.6"
660,150,NA,"Armstrong","No-take","Little_Armstrong_Bay","F","No-take.Armstrong.Little_Armstrong_Bay.AAE.6"
661,150,NA,"Armstrong","No-take","Little_Armstrong_Bay","F","No-take.Armstrong.Little_Armstrong_Bay.AAE.6"
662,150,NA,"Armstrong","No-take","Little_Armstrong_Bay","F","No-take.Armstrong.Little_Armstrong_Bay.AAE.6"
663,150,NA,"Armstrong","No-take","Little_Armstrong_Bay","F","No-take.Armstrong.Little_Armstrong_Bay.AAE.6"
664,150,NA,"Armstrong","No-take","Little_Armstrong_Bay","F","No-take.Armstrong.Little_Armstrong_Bay.AAE.6"
665,150,NA,"Armstrong","No-take","Little_Armstrong_Bay","F","No-take.Armstrong.Little_Armstrong_Bay.AAE.6"
666,150,NA,"Armstrong","No-take","Little_Armstrong_Bay","F","No-take.Armstrong.Little_Armstrong_Bay.AAE.6"
667,150,NA,"Armstrong","No-take","Little_Armstrong_Bay","F","No-take.Armstrong.Little_Armstrong_Bay.AAE.6"
668,150,NA,"Armstrong","No-take","Little_Armstrong_Bay","F","No-take.Armstrong.Little_Armstrong_Bay.AAE.6"
669,150,NA,"Armstrong","No-take","Little_Armstrong_Bay","F","No-take.Armstrong.Little_Armstrong_Bay.AAE.6"
670,150,NA,"Armstrong","No-take","Little_Armstrong_Bay","F","No-take.Armstrong.Little_Armstrong_Bay.AAE.6"
671,150,NA,"Armstrong","No-take","Little_Armstrong_Bay","F","No-take.Armstrong.Little_Armstrong_Bay.AAE.6"
672,150,NA,"Armstrong","No-take","Little_Armstrong_Bay","F","No-take.Armstrong.Little_Armstrong_Bay.AAE.6"
673,150,NA,"Armstrong","No-take","Little_Armstrong_Bay","F","No-take.Armstrong.Little_Armstrong_Bay.AAE.6"
674,150,NA,"Armstrong","No-take","Little_Armstrong_Bay","F","No-take.Armstrong.Little_Armstrong_Bay.AAE.6"
675,150,NA,"Armstrong","No-take","Little_Armstrong_Bay","F","No-take.Armstrong.Little_Armstrong_Bay.AAE.6"
676,150,NA,"Armstrong","No-take","Little_Armstrong_Bay","F","No-take.Armstrong.Little_Armstrong_Bay.AAE.6"
677,150,NA,"Armstrong","No-take","Little_Armstrong_Bay","F","No-take.Armstrong.Little_Armstrong_Bay.AAE.6"
678,150,NA,"Armstrong","No-take","Little_Armstrong_Bay","F","No-take.Armstrong.Little_Armstrong_Bay.AAE.6"
679,150,NA,"Armstrong","No-take","Little_Armstrong_Bay","F","No-take.Armstrong.Little_Armstrong_Bay.AAE.6"
680,150,NA,"Armstrong","No-take","Little_Armstrong_Bay","F","No-take.Armstrong.Little_Armstrong_Bay.AAE.6"
681,150,NA,"Armstrong","No-take","Little_Armstrong_Bay","F","No-take.Armstrong.Little_Armstrong_Bay.AAE.6"
682,150,NA,"Armstrong","No-take","Little_Armstrong_Bay","F","No-take.Armstrong.Little_Armstrong_Bay.AAE.6"
683,150,NA,"Armstrong","No-take","Little_Armstrong_Bay","F","No-take.Armstrong.Little_Armstrong_Bay.AAE.6"
684,150,NA,"Armstrong","No-take","Little_Armstrong_Bay","F","No-take.Armstrong.Little_Armstrong_Bay.AAE.6"
685,150,NA,"Armstrong","No-take","Little_Armstrong_Bay","F","No-take.Armstrong.Little_Armstrong_Bay.AAE.6"
686,150,NA,"Armstrong","No-take","Little_Armstrong_Bay","F","No-take.Armstrong.Little_Armstrong_Bay.AAE.6"
687,150,NA,"Armstrong","No-take","Little_Armstrong_Bay","F","No-take.Armstrong.Little_Armstrong_Bay.AAE.6"
688,150,NA,"Armstrong","No-take","Little_Armstrong_Bay","F","No-take.Armstrong.Little_Armstrong_Bay.AAE.6"
689,150,NA,"Armstrong","No-take","Little_Armstrong_Bay","F","No-take.Armstrong.Little_Armstrong_Bay.AAE.6"
690,150,NA,"Armstrong","No-take","Little_Armstrong_Bay","F","No-take.Armstrong.Little_Armstrong_Bay.AAE.6"
691,150,NA,"Armstrong","No-take","Little_Armstrong_Bay","F","No-take.Armstrong.Little_Armstrong_Bay.AAE.6"
692,150,NA,"Armstrong","No-take","Little_Armstrong_Bay","F","No-take.Armstrong.Little_Armstrong_Bay.AAE.6"
693,150,NA,"Armstrong","No-take","Little_Armstrong_Bay","F","No-take.Armstrong.Little_Armstrong_Bay.AAE.6"
694,150,NA,"Armstrong","No-take","Little_Armstrong_Bay","F","No-take.Armstrong.Little_Armstrong_Bay.AAE.6"
695,150,NA,"Armstrong","No-take","Little_Armstrong_Bay","F","No-take.Armstrong.Little_Armstrong_Bay.AAE.6"
696,150,NA,"Armstrong","No-take","Little_Armstrong_Bay","F","No-take.Armstrong.Little_Armstrong_Bay.AAE.6"
697,150,NA,"Armstrong","No-take","Little_Armstrong_Bay","F","No-take.Armstrong.Little_Armstrong_Bay.AAE.6"
698,150,NA,"Armstrong","No-take","Little_Armstrong_Bay","F","No-take.Armstrong.Little_Armstrong_Bay.AAE.6"
699,150,NA,"Armstrong","No-take","Little_Armstrong_Bay","F","No-take.Armstrong.Little_Armstrong_Bay.AAE.6"
700,150,NA,"Armstrong","No-take","Little_Armstrong_Bay","F","No-take.Armstrong.Little_Armstrong_Bay.AAE.6"
701,150,NA,"Armstrong","No-take","Little_Armstrong_Bay","F","No-take.Armstrong.Little_Armstrong_Bay.AAE.6"
702,150,NA,"Armstrong","No-take","Little_Armstrong_Bay","F","No-take.Armstrong.Little_Armstrong_Bay.AAE.6"
703,150,NA,"Armstrong","No-take","Little_Armstrong_Bay","F","No-take.Armstrong.Little_Armstrong_Bay.AAE.6"
704,150,NA,"Armstrong","No-take","Little_Armstrong_Bay","F","No-take.Armstrong.Little_Armstrong_Bay.AAE.6"
705,150,NA,"Armstrong","No-take","Little_Armstrong_Bay","F","No-take.Armstrong.Little_Armstrong_Bay.AAE.6"
706,150,NA,"Armstrong","No-take","Little_Armstrong_Bay","F","No-take.Armstrong.Little_Armstrong_Bay.AAE.6"
707,150,NA,"Armstrong","No-take","Little_Armstrong_Bay","F","No-take.Armstrong.Little_Armstrong_Bay.AAE.6"
708,150,NA,"Armstrong","No-take","Little_Armstrong_Bay","F","No-take.Armstrong.Little_Armstrong_Bay.AAE.6"
709,150,NA,"Armstrong","No-take","Little_Armstrong_Bay","F","No-take.Armstrong.Little_Armstrong_Bay.AAE.6"
710,150,NA,"Armstrong","No-take","Little_Armstrong_Bay","F","No-take.Armstrong.Little_Armstrong_Bay.AAE.6"
711,150,NA,"Armstrong","No-take","Little_Armstrong_Bay","F","No-take.Armstrong.Little_Armstrong_Bay.AAE.6"
712,150,NA,"Armstrong","No-take","Little_Armstrong_Bay","F","No-take.Armstrong.Little_Armstrong_Bay.AAE.6"
713,150,NA,"Armstrong","No-take","Little_Armstrong_Bay","F","No-take.Armstrong.Little_Armstrong_Bay.AAE.6"
714,150,NA,"Armstrong","No-take","Little_Armstrong_Bay","F","No-take.Armstrong.Little_Armstrong_Bay.AAE.6"
715,150,NA,"Armstrong","No-take","Little_Armstrong_Bay","F","No-take.Armstrong.Little_Armstrong_Bay.AAE.6"
716,150,NA,"Armstrong","No-take","Little_Armstrong_Bay","F","No-take.Armstrong.Little_Armstrong_Bay.AAE.6"
717,150,NA,"Armstrong","No-take","Little_Armstrong_Bay","F","No-take.Armstrong.Little_Armstrong_Bay.AAE.6"
718,150,NA,"Armstrong","No-take","Little_Armstrong_Bay","F","No-take.Armstrong.Little_Armstrong_Bay.AAE.6"
719,150,NA,"Armstrong","No-take","Little_Armstrong_Bay","F","No-take.Armstrong.Little_Armstrong_Bay.AAE.6"
720,150,NA,"Armstrong","No-take","Little_Armstrong_Bay","F","No-take.Armstrong.Little_Armstrong_Bay.AAE.6"
721,150,NA,"Armstrong","No-take","Little_Armstrong_Bay","F","No-take.Armstrong.Little_Armstrong_Bay.AAE.6"
722,150,NA,"Armstrong","No-take","Little_Armstrong_Bay","F","No-take.Armstrong.Little_Armstrong_Bay.AAE.6"
723,150,NA,"Armstrong","No-take","Little_Armstrong_Bay","F","No-take.Armstrong.Little_Armstrong_Bay.AAE.6"
724,150,NA,"Armstrong","No-take","Little_Armstrong_Bay","F","No-take.Armstrong.Little_Armstrong_Bay.AAE.6"
725,150,NA,"Armstrong","No-take","Little_Armstrong_Bay","F","No-take.Armstrong.Little_Armstrong_Bay.AAE.6"
726,150,NA,"Armstrong","No-take","Little_Armstrong_Bay","F","No-take.Armstrong.Little_Armstrong_Bay.AAE.6"
727,150,NA,"Armstrong","No-take","Little_Armstrong_Bay","F","No-take.Armstrong.Little_Armstrong_Bay.AAE.6"
728,150,NA,"Armstrong","No-take","Little_Armstrong_Bay","F","No-take.Armstrong.Little_Armstrong_Bay.AAE.6"
729,150,NA,"Armstrong","No-take","Little_Armstrong_Bay","F","No-take.Armstrong.Little_Armstrong_Bay.AAE.6"
730,150,NA,"Armstrong","No-take","Little_Armstrong_Bay","F","No-take.Armstrong.Little_Armstrong_Bay.AAE.6"
731,150,NA,"Armstrong","No-take","Little_Armstrong_Bay","F","No-take.Armstrong.Little_Armstrong_Bay.AAE.6"
732,150,NA,"Armstrong","No-take","Little_Armstrong_Bay","F","No-take.Armstrong.Little_Armstrong_Bay.AAE.6"
733,150,NA,"Armstrong","No-take","Little_Armstrong_Bay","F","No-take.Armstrong.Little_Armstrong_Bay.AAE.6"
734,150,NA,"Armstrong","No-take","Little_Armstrong_Bay","F","No-take.Armstrong.Little_Armstrong_Bay.AAE.6"
735,150,NA,"Armstrong","No-take","Little_Armstrong_Bay","F","No-take.Armstrong.Little_Armstrong_Bay.AAE.6"
736,150,NA,"Armstrong","No-take","Little_Armstrong_Bay","F","No-take.Armstrong.Little_Armstrong_Bay.AAE.6"
737,150,NA,"Armstrong","No-take","Little_Armstrong_Bay","F","No-take.Armstrong.Little_Armstrong_Bay.AAE.6"
738,150,NA,"Armstrong","No-take","Little_Armstrong_Bay","F","No-take.Armstrong.Little_Armstrong_Bay.AAE.6"
739,150,NA,"Armstrong","No-take","Little_Armstrong_Bay","F","No-take.Armstrong.Little_Armstrong_Bay.AAE.6"
740,150,NA,"Armstrong","No-take","Little_Armstrong_Bay","F","No-take.Armstrong.Little_Armstrong_Bay.AAE.7"
741,150,NA,"Armstrong","No-take","Little_Armstrong_Bay","F","No-take.Armstrong.Little_Armstrong_Bay.AAE.7"
742,150,NA,"Armstrong","No-take","Little_Armstrong_Bay","F","No-take.Armstrong.Little_Armstrong_Bay.AAE.7"
743,150,NA,"Armstrong","No-take","Little_Armstrong_Bay","F","No-take.Armstrong.Little_Armstrong_Bay.AAE.7"
744,150,NA,"Armstrong","No-take","Little_Armstrong_Bay","F","No-take.Armstrong.Little_Armstrong_Bay.AAE.7"
745,150,NA,"Armstrong","No-take","Little_Armstrong_Bay","F","No-take.Armstrong.Little_Armstrong_Bay.AAE.7"
746,150,NA,"Armstrong","No-take","Little_Armstrong_Bay","F","No-take.Armstrong.Little_Armstrong_Bay.AAE.7"
747,150,NA,"Armstrong","No-take","Little_Armstrong_Bay","F","No-take.Armstrong.Little_Armstrong_Bay.AAE.7"
748,150,NA,"Armstrong","No-take","Little_Armstrong_Bay","F","No-take.Armstrong.Little_Armstrong_Bay.AAE.7"
749,150,NA,"Armstrong","No-take","Little_Armstrong_Bay","F","No-take.Armstrong.Little_Armstrong_Bay.AAE.7"
750,150,NA,"Armstrong","No-take","Little_Armstrong_Bay","F","No-take.Armstrong.Little_Armstrong_Bay.AAE.7"
751,150,NA,"Armstrong","No-take","Little_Armstrong_Bay","F","No-take.Armstrong.Little_Armstrong_Bay.AAE.7"
752,150,NA,"Armstrong","No-take","Little_Armstrong_Bay","F","No-take.Armstrong.Little_Armstrong_Bay.AAE.7"
753,150,NA,"Armstrong","No-take","Little_Armstrong_Bay","F","No-take.Armstrong.Little_Armstrong_Bay.AAE.7"
754,150,NA,"Armstrong","No-take","Little_Armstrong_Bay","F","No-take.Armstrong.Little_Armstrong_Bay.AAE.7"
755,150,NA,"Armstrong","No-take","Little_Armstrong_Bay","F","No-take.Armstrong.Little_Armstrong_Bay.AAE.7"
756,150,NA,"Armstrong","No-take","Little_Armstrong_Bay","F","No-take.Armstrong.Little_Armstrong_Bay.AAE.7"
757,150,NA,"Armstrong","No-take","Little_Armstrong_Bay","F","No-take.Armstrong.Little_Armstrong_Bay.AAE.7"
758,150,NA,"Armstrong","No-take","Little_Armstrong_Bay","F","No-take.Armstrong.Little_Armstrong_Bay.AAE.7"
759,150,NA,"Armstrong","No-take","Little_Armstrong_Bay","F","No-take.Armstrong.Little_Armstrong_Bay.AAE.7"
760,150,NA,"Armstrong","No-take","Little_Armstrong_Bay","F","No-take.Armstrong.Little_Armstrong_Bay.AAE.7"
761,150,NA,"Armstrong","No-take","Little_Armstrong_Bay","F","No-take.Armstrong.Little_Armstrong_Bay.AAE.7"
762,150,NA,"Armstrong","No-take","Little_Armstrong_Bay","F","No-take.Armstrong.Little_Armstrong_Bay.AAE.7"
763,150,NA,"Armstrong","No-take","Little_Armstrong_Bay","F","No-take.Armstrong.Little_Armstrong_Bay.AAE.7"
764,150,NA,"Armstrong","No-take","Little_Armstrong_Bay","F","No-take.Armstrong.Little_Armstrong_Bay.AAE.7"
765,150,NA,"Armstrong","No-take","Little_Armstrong_Bay","F","No-take.Armstrong.Little_Armstrong_Bay.AAE.7"
766,150,NA,"Armstrong","No-take","Little_Armstrong_Bay","F","No-take.Armstrong.Little_Armstrong_Bay.AAE.7"
767,150,NA,"Armstrong","No-take","Little_Armstrong_Bay","F","No-take.Armstrong.Little_Armstrong_Bay.AAE.7"
768,150,NA,"Armstrong","No-take","Little_Armstrong_Bay","F","No-take.Armstrong.Little_Armstrong_Bay.AAE.7"
769,150,NA,"Armstrong","No-take","Little_Armstrong_Bay","F","No-take.Armstrong.Little_Armstrong_Bay.AAE.7"
770,150,NA,"Armstrong","No-take","Little_Armstrong_Bay","F","No-take.Armstrong.Little_Armstrong_Bay.AAE.7"
771,150,NA,"Armstrong","No-take","Little_Armstrong_Bay","F","No-take.Armstrong.Little_Armstrong_Bay.AAE.7"
772,150,NA,"Armstrong","No-take","Little_Armstrong_Bay","F","No-take.Armstrong.Little_Armstrong_Bay.AAE.7"
773,150,NA,"Armstrong","No-take","Little_Armstrong_Bay","F","No-take.Armstrong.Little_Armstrong_Bay.AAE.7"
774,150,NA,"Armstrong","No-take","Little_Armstrong_Bay","F","No-take.Armstrong.Little_Armstrong_Bay.AAE.7"
775,150,NA,"Armstrong","No-take","Little_Armstrong_Bay","F","No-take.Armstrong.Little_Armstrong_Bay.AAE.7"
776,150,NA,"Armstrong","No-take","Little_Armstrong_Bay","F","No-take.Armstrong.Little_Armstrong_Bay.AAE.7"
777,150,NA,"Armstrong","No-take","Little_Armstrong_Bay","F","No-take.Armstrong.Little_Armstrong_Bay.AAE.7"
778,150,NA,"Armstrong","No-take","Little_Armstrong_Bay","F","No-take.Armstrong.Little_Armstrong_Bay.AAE.7"
779,150,NA,"Armstrong","No-take","Little_Armstrong_Bay","F","No-take.Armstrong.Little_Armstrong_Bay.AAE.7"
780,150,NA,"Armstrong","No-take","Little_Armstrong_Bay","F","No-take.Armstrong.Little_Armstrong_Bay.AAE.7"
781,150,NA,"Armstrong","No-take","Little_Armstrong_Bay","F","No-take.Armstrong.Little_Armstrong_Bay.AAE.7"
782,150,NA,"Armstrong","No-take","Little_Armstrong_Bay","F","No-take.Armstrong.Little_Armstrong_Bay.AAE.7"
783,150,NA,"Armstrong","No-take","Little_Armstrong_Bay","F","No-take.Armstrong.Little_Armstrong_Bay.AAE.7"
784,150,NA,"Armstrong","No-take","Little_Armstrong_Bay","F","No-take.Armstrong.Little_Armstrong_Bay.AAE.7"
785,150,NA,"Armstrong","No-take","Little_Armstrong_Bay","F","No-take.Armstrong.Little_Armstrong_Bay.AAE.7"
786,150,NA,"Armstrong","No-take","Little_Armstrong_Bay","F","No-take.Armstrong.Little_Armstrong_Bay.AAE.7"
787,150,NA,"Armstrong","No-take","Little_Armstrong_Bay","F","No-take.Armstrong.Little_Armstrong_Bay.AAE.7"
788,150,NA,"Armstrong","No-take","Little_Armstrong_Bay","F","No-take.Armstrong.Little_Armstrong_Bay.AAE.7"
789,150,NA,"Armstrong","No-take","Little_Armstrong_Bay","F","No-take.Armstrong.Little_Armstrong_Bay.AAE.7"
790,250,NA,"Armstrong","No-take","Little_Armstrong_Bay","F","No-take.Armstrong.Little_Armstrong_Bay.AAE.8"
791,100,NA,"Armstrong","No-take","Little_Armstrong_Bay","F","No-take.Armstrong.Little_Armstrong_Bay.AAE.9"
792,100,NA,"Armstrong","No-take","Little_Armstrong_Bay","F","No-take.Armstrong.Little_Armstrong_Bay.AAE.9"
793,100,NA,"Armstrong","No-take","Little_Armstrong_Bay","F","No-take.Armstrong.Little_Armstrong_Bay.AAE.9"
794,100,NA,"Armstrong","No-take","Little_Armstrong_Bay","F","No-take.Armstrong.Little_Armstrong_Bay.AAE.9"
795,100,NA,"Armstrong","No-take","Little_Armstrong_Bay","F","No-take.Armstrong.Little_Armstrong_Bay.AAE.9"
796,100,NA,"Armstrong","No-take","Little_Armstrong_Bay","F","No-take.Armstrong.Little_Armstrong_Bay.AAE.9"
797,100,NA,"Armstrong","No-take","Little_Armstrong_Bay","F","No-take.Armstrong.Little_Armstrong_Bay.AAE.9"
798,100,NA,"Armstrong","No-take","Little_Armstrong_Bay","F","No-take.Armstrong.Little_Armstrong_Bay.AAE.9"
799,350,NA,"Armstrong","No-take","Little_Armstrong_Bay","M","No-take.Armstrong.Little_Armstrong_Bay.AAE.9"
802,300,NA,"Armstrong","No-take","Little_Armstrong_Bay","M","No-take.Armstrong.Little_Armstrong_Bay.THJ.2"
803,300,NA,"Armstrong","No-take","Little_Armstrong_Bay","M","No-take.Armstrong.Little_Armstrong_Bay.THJ.3"
804,250,NA,"Armstrong","No-take","Little_Armstrong_Bay","F","No-take.Armstrong.Little_Armstrong_Bay.THJ.4"
805,180,NA,"Armstrong","No-take","Little_Armstrong_Bay","F","No-take.Armstrong.Little_Armstrong_Bay.THJ.4"
806,100,NA,"Armstrong","No-take","Little_Armstrong_Bay","F","No-take.Armstrong.Little_Armstrong_Bay.THJ.5"
807,150,NA,"Armstrong","No-take","Little_Armstrong_Bay","F","No-take.Armstrong.Little_Armstrong_Bay.THJ.5"
808,160,NA,"Armstrong","No-take","Little_Armstrong_Bay","F","No-take.Armstrong.Little_Armstrong_Bay.THJ.5"
809,200,NA,"Armstrong","No-take","Little_Armstrong_Bay","F","No-take.Armstrong.Little_Armstrong_Bay.THJ.5"
810,300,NA,"Armstrong","No-take","Little_Armstrong_Bay","M","No-take.Armstrong.Little_Armstrong_Bay.THJ.5"
811,180,NA,"Armstrong","No-take","Little_Armstrong_Bay","F","No-take.Armstrong.Little_Armstrong_Bay.THJ.5"
812,350,NA,"Armstrong","No-take","Little_Armstrong_Bay","M","No-take.Armstrong.Little_Armstrong_Bay.THJ.6"
813,180,NA,"Armstrong","No-take","Little_Armstrong_Bay","F","No-take.Armstrong.Little_Armstrong_Bay.THJ.6"
814,120,NA,"Armstrong","No-take","Little_Armstrong_Bay","F","No-take.Armstrong.Little_Armstrong_Bay.THJ.6"
815,110,NA,"Armstrong","No-take","Little_Armstrong_Bay","F","No-take.Armstrong.Little_Armstrong_Bay.THJ.6"
816,280,NA,"Armstrong","No-take","Little_Armstrong_Bay","F","No-take.Armstrong.Little_Armstrong_Bay.THJ.6"
817,300,NA,"Armstrong","No-take","Little_Armstrong_Bay","F","No-take.Armstrong.Little_Armstrong_Bay.THJ.6"
818,180,NA,"Armstrong","No-take","Little_Armstrong_Bay","F","No-take.Armstrong.Little_Armstrong_Bay.THJ.6"
819,110,NA,"Armstrong","No-take","Little_Armstrong_Bay","F","No-take.Armstrong.Little_Armstrong_Bay.THJ.7"
820,120,NA,"Armstrong","No-take","Little_Armstrong_Bay","F","No-take.Armstrong.Little_Armstrong_Bay.THJ.7"
821,75,NA,"Armstrong","No-take","Little_Armstrong_Bay","J","No-take.Armstrong.Little_Armstrong_Bay.THJ.7"
822,100,NA,"Armstrong","No-take","Little_Armstrong_Bay","F","No-take.Armstrong.Little_Armstrong_Bay.THJ.7"
823,80,NA,"Armstrong","No-take","Little_Armstrong_Bay","F","No-take.Armstrong.Little_Armstrong_Bay.THJ.8"
824,80,NA,"Armstrong","No-take","Little_Armstrong_Bay","F","No-take.Armstrong.Little_Armstrong_Bay.THJ.8"
825,80,NA,"Armstrong","No-take","Little_Armstrong_Bay","F","No-take.Armstrong.Little_Armstrong_Bay.THJ.8"
826,90,NA,"Armstrong","No-take","Little_Armstrong_Bay","F","No-take.Armstrong.Little_Armstrong_Bay.THJ.8"
827,90,NA,"Armstrong","No-take","Little_Armstrong_Bay","F","No-take.Armstrong.Little_Armstrong_Bay.THJ.8"
828,90,NA,"Armstrong","No-take","Little_Armstrong_Bay","F","No-take.Armstrong.Little_Armstrong_Bay.THJ.8"
829,100,NA,"Armstrong","No-take","Little_Armstrong_Bay","F","No-take.Armstrong.Little_Armstrong_Bay.THJ.8"
830,70,NA,"Armstrong","No-take","Little_Armstrong_Bay","J","No-take.Armstrong.Little_Armstrong_Bay.THJ.8"
831,120,NA,"Armstrong","No-take","Little_Armstrong_Bay","F","No-take.Armstrong.Little_Armstrong_Bay.THJ.8"
832,280,NA,"Armstrong","No-take","Little_Armstrong_Bay","F","No-take.Armstrong.Little_Armstrong_Bay.THJ.9"
833,190,NA,"Armstrong","No-take","Little_Armstrong_Bay","F","No-take.Armstrong.Little_Armstrong_Bay.THJ.9"
834,150,NA,"Armstrong","No-take","Little_Armstrong_Bay","F","No-take.Armstrong.Little_Armstrong_Bay.THJ.9"
835,130,NA,"Armstrong","No-take","Little_Armstrong_Bay","F","No-take.Armstrong.Little_Armstrong_Bay.THJ.9"
836,220,NA,"Armstrong","No-take","Little_Armstrong_Bay","F","No-take.Armstrong.Little_Armstrong_Bay.THJ.10"
837,150,NA,"Armstrong","No-take","Little_Armstrong_Bay","F","No-take.Armstrong.Little_Armstrong_Bay.THJ.10"
838,160,NA,"Armstrong","No-take","Little_Armstrong_Bay","F","No-take.Armstrong.Little_Armstrong_Bay.THJ.10"
839,180,NA,"Armstrong","No-take","Little_Armstrong_Bay","F","No-take.Armstrong.Little_Armstrong_Bay.THJ.10"
840,150,NA,"Armstrong","No-take","Little_Armstrong_Bay","F","No-take.Armstrong.Little_Armstrong_Bay.THJ.10"
841,110,NA,"Armstrong","No-take","Little_Armstrong_Bay","F","No-take.Armstrong.Little_Armstrong_Bay.THJ.10"
842,180,NA,"Armstrong","No-take","Little_Armstrong_Bay","F","No-take.Armstrong.Little_Armstrong_Bay.THJ.10"
843,150,NA,"Armstrong","No-take","Little_Armstrong_Bay","F","No-take.Armstrong.Little_Armstrong_Bay.THJ.10"
844,160,NA,"Armstrong","No-take","Little_Armstrong_Bay","F","No-take.Armstrong.Little_Armstrong_Bay.THJ.10"
845,110,NA,"Armstrong","No-take","Little_Armstrong_Bay","F","No-take.Armstrong.Little_Armstrong_Bay.THJ.10"
847,100,NA,"Armstrong","Fished","Parakeet_Bay","F","Fished.Armstrong.Parakeet_Bay.AAE.2"
848,100,NA,"Armstrong","Fished","Parakeet_Bay","F","Fished.Armstrong.Parakeet_Bay.AAE.2"
849,100,NA,"Armstrong","Fished","Parakeet_Bay","F","Fished.Armstrong.Parakeet_Bay.AAE.2"
850,100,NA,"Armstrong","Fished","Parakeet_Bay","F","Fished.Armstrong.Parakeet_Bay.AAE.2"
851,100,NA,"Armstrong","Fished","Parakeet_Bay","F","Fished.Armstrong.Parakeet_Bay.AAE.2"
852,100,NA,"Armstrong","Fished","Parakeet_Bay","F","Fished.Armstrong.Parakeet_Bay.AAE.2"
853,100,NA,"Armstrong","Fished","Parakeet_Bay","F","Fished.Armstrong.Parakeet_Bay.AAE.2"
854,160,NA,"Armstrong","Fished","Parakeet_Bay","F","Fished.Armstrong.Parakeet_Bay.AAE.2"
855,160,NA,"Armstrong","Fished","Parakeet_Bay","F","Fished.Armstrong.Parakeet_Bay.AAE.2"
856,160,NA,"Armstrong","Fished","Parakeet_Bay","F","Fished.Armstrong.Parakeet_Bay.AAE.2"
857,150,NA,"Armstrong","Fished","Parakeet_Bay","F","Fished.Armstrong.Parakeet_Bay.AAE.2"
858,150,NA,"Armstrong","Fished","Parakeet_Bay","F","Fished.Armstrong.Parakeet_Bay.AAE.2"
859,150,NA,"Armstrong","Fished","Parakeet_Bay","F","Fished.Armstrong.Parakeet_Bay.AAE.2"
860,150,NA,"Armstrong","Fished","Parakeet_Bay","F","Fished.Armstrong.Parakeet_Bay.AAE.2"
861,150,NA,"Armstrong","Fished","Parakeet_Bay","F","Fished.Armstrong.Parakeet_Bay.AAE.2"
862,150,NA,"Armstrong","Fished","Parakeet_Bay","F","Fished.Armstrong.Parakeet_Bay.AAE.2"
863,150,NA,"Armstrong","Fished","Parakeet_Bay","F","Fished.Armstrong.Parakeet_Bay.AAE.2"
864,150,NA,"Armstrong","Fished","Parakeet_Bay","F","Fished.Armstrong.Parakeet_Bay.AAE.2"
865,150,NA,"Armstrong","Fished","Parakeet_Bay","F","Fished.Armstrong.Parakeet_Bay.AAE.2"
866,150,NA,"Armstrong","Fished","Parakeet_Bay","F","Fished.Armstrong.Parakeet_Bay.AAE.2"
867,150,NA,"Armstrong","Fished","Parakeet_Bay","F","Fished.Armstrong.Parakeet_Bay.AAE.2"
868,150,NA,"Armstrong","Fished","Parakeet_Bay","F","Fished.Armstrong.Parakeet_Bay.AAE.2"
870,160,NA,"Armstrong","Fished","Parakeet_Bay","F","Fished.Armstrong.Parakeet_Bay.AAE.4"
871,160,NA,"Armstrong","Fished","Parakeet_Bay","F","Fished.Armstrong.Parakeet_Bay.AAE.4"
872,160,NA,"Armstrong","Fished","Parakeet_Bay","F","Fished.Armstrong.Parakeet_Bay.AAE.4"
873,160,NA,"Armstrong","Fished","Parakeet_Bay","F","Fished.Armstrong.Parakeet_Bay.AAE.4"
874,160,NA,"Armstrong","Fished","Parakeet_Bay","F","Fished.Armstrong.Parakeet_Bay.AAE.4"
875,100,NA,"Armstrong","Fished","Parakeet_Bay","F","Fished.Armstrong.Parakeet_Bay.AAE.4"
876,100,NA,"Armstrong","Fished","Parakeet_Bay","F","Fished.Armstrong.Parakeet_Bay.AAE.4"
877,200,NA,"Armstrong","Fished","Parakeet_Bay","F","Fished.Armstrong.Parakeet_Bay.AAE.5"
878,250,NA,"Armstrong","Fished","Parakeet_Bay","F","Fished.Armstrong.Parakeet_Bay.AAE.5"
879,150,NA,"Armstrong","Fished","Longreach_Bay","F","Fished.Armstrong.Longreach_Bay.AAE.1"
880,200,NA,"Armstrong","Fished","Longreach_Bay","F","Fished.Armstrong.Longreach_Bay.AAE.1"
881,180,NA,"Armstrong","Fished","Longreach_Bay","F","Fished.Armstrong.Longreach_Bay.AAE.1"
883,100,NA,"Armstrong","Fished","Longreach_Bay","F","Fished.Armstrong.Longreach_Bay.AAE.3"
884,100,NA,"Armstrong","Fished","Longreach_Bay","F","Fished.Armstrong.Longreach_Bay.AAE.3"
885,180,NA,"Armstrong","Fished","Longreach_Bay","F","Fished.Armstrong.Longreach_Bay.AAE.3"
886,120,NA,"Armstrong","Fished","Longreach_Bay","F","Fished.Armstrong.Longreach_Bay.AAE.4"
887,130,NA,"Armstrong","Fished","Longreach_Bay","F","Fished.Armstrong.Longreach_Bay.AAE.4"
888,100,NA,"Armstrong","Fished","Longreach_Bay","F","Fished.Armstrong.Longreach_Bay.AAE.4"
889,60,NA,"Armstrong","Fished","Longreach_Bay","F","Fished.Armstrong.Longreach_Bay.AAE.4"
890,90,NA,"Armstrong","Fished","Longreach_Bay","F","Fished.Armstrong.Longreach_Bay.AAE.4"
891,250,NA,"Armstrong","Fished","Longreach_Bay","F","Fished.Armstrong.Longreach_Bay.AAE.4"
892,170,NA,"Armstrong","Fished","Longreach_Bay","F","Fished.Armstrong.Longreach_Bay.AAE.4"
894,140,NA,"Armstrong","Fished","Parakeet_Bay","F","Fished.Armstrong.Parakeet_Bay.HA.1"
895,120,NA,"Armstrong","Fished","Parakeet_Bay","F","Fished.Armstrong.Parakeet_Bay.HA.1"
896,80,NA,"Armstrong","Fished","Parakeet_Bay","F","Fished.Armstrong.Parakeet_Bay.HA.1"
897,90,NA,"Armstrong","Fished","Parakeet_Bay","F","Fished.Armstrong.Parakeet_Bay.HA.2"
898,50,NA,"Armstrong","Fished","Parakeet_Bay","F","Fished.Armstrong.Parakeet_Bay.HA.3"
899,90,NA,"Armstrong","Fished","Parakeet_Bay","F","Fished.Armstrong.Parakeet_Bay.HA.3"
900,90,NA,"Armstrong","Fished","Parakeet_Bay","F","Fished.Armstrong.Parakeet_Bay.HA.3"
901,90,NA,"Armstrong","Fished","Parakeet_Bay","F","Fished.Armstrong.Parakeet_Bay.HA.3"
902,100,NA,"Armstrong","Fished","Parakeet_Bay","F","Fished.Armstrong.Parakeet_Bay.HA.3"
903,100,NA,"Armstrong","Fished","Parakeet_Bay","F","Fished.Armstrong.Parakeet_Bay.HA.3"
904,90,NA,"Armstrong","Fished","Parakeet_Bay","F","Fished.Armstrong.Parakeet_Bay.HA.3"
905,90,NA,"Armstrong","Fished","Parakeet_Bay","F","Fished.Armstrong.Parakeet_Bay.HA.3"
906,80,NA,"Armstrong","Fished","Parakeet_Bay","F","Fished.Armstrong.Parakeet_Bay.HA.4"
908,200,NA,"Armstrong","Fished","Longreach_Bay","F","Fished.Armstrong.Longreach_Bay.HA.1"
909,200,NA,"Armstrong","Fished","Longreach_Bay","F","Fished.Armstrong.Longreach_Bay.HA.1"
911,250,NA,"Armstrong","Fished","Longreach_Bay","F","Fished.Armstrong.Longreach_Bay.HA.3"
912,300,NA,"Armstrong","Fished","Longreach_Bay","M","Fished.Armstrong.Longreach_Bay.HA.3"
913,100,NA,"Armstrong","Fished","Longreach_Bay","F","Fished.Armstrong.Longreach_Bay.HA.3"
914,100,NA,"Armstrong","Fished","Longreach_Bay","F","Fished.Armstrong.Longreach_Bay.HA.3"
916,200,NA,"Armstrong","Fished","Longreach_Bay","F","Fished.Armstrong.Longreach_Bay.HA.5"
917,200,NA,"Armstrong","Fished","Longreach_Bay","F","Fished.Armstrong.Longreach_Bay.HA.5"
918,150,NA,"Armstrong","Fished","Longreach_Bay","F","Fished.Armstrong.Longreach_Bay.HA.5"
919,150,NA,"Armstrong","Fished","Longreach_Bay","F","Fished.Armstrong.Longreach_Bay.HA.5"
920,150,NA,"Armstrong","Fished","Longreach_Bay","F","Fished.Armstrong.Longreach_Bay.HA.5"
921,150,NA,"Armstrong","Fished","Longreach_Bay","F","Fished.Armstrong.Longreach_Bay.HA.5"
922,150,NA,"Armstrong","Fished","Longreach_Bay","F","Fished.Armstrong.Longreach_Bay.HA.5"
923,100,NA,"Armstrong","Fished","Parakeet_Bay","F","Fished.Armstrong.Parakeet_Bay.JH.1"
924,140,NA,"Armstrong","Fished","Parakeet_Bay","F","Fished.Armstrong.Parakeet_Bay.JH.2"
925,140,NA,"Armstrong","Fished","Parakeet_Bay","F","Fished.Armstrong.Parakeet_Bay.JH.3"
926,110,NA,"Armstrong","Fished","Parakeet_Bay","F","Fished.Armstrong.Parakeet_Bay.JH.3"
927,150,NA,"Armstrong","Fished","Parakeet_Bay","F","Fished.Armstrong.Parakeet_Bay.JH.3"
928,130,NA,"Armstrong","Fished","Parakeet_Bay","F","Fished.Armstrong.Parakeet_Bay.JH.4"
929,100,NA,"Armstrong","Fished","Parakeet_Bay","F","Fished.Armstrong.Parakeet_Bay.JH.5"
930,110,NA,"Armstrong","Fished","Parakeet_Bay","F","Fished.Armstrong.Parakeet_Bay.JH.5"
931,130,NA,"Armstrong","Fished","Parakeet_Bay","F","Fished.Armstrong.Parakeet_Bay.JH.5"
932,100,NA,"Armstrong","Fished","Parakeet_Bay","F","Fished.Armstrong.Parakeet_Bay.JH.5"
933,100,NA,"Armstrong","Fished","Parakeet_Bay","F","Fished.Armstrong.Parakeet_Bay.JH.5"
934,140,NA,"Armstrong","Fished","Parakeet_Bay","F","Fished.Armstrong.Parakeet_Bay.JH.5"
935,130,NA,"Armstrong","Fished","Parakeet_Bay","F","Fished.Armstrong.Parakeet_Bay.JH.5"
936,120,NA,"Armstrong","Fished","Longreach_Bay","F","Fished.Armstrong.Longreach_Bay.JH.1"
937,110,NA,"Armstrong","Fished","Longreach_Bay","F","Fished.Armstrong.Longreach_Bay.JH.2"
938,110,NA,"Armstrong","Fished","Longreach_Bay","F","Fished.Armstrong.Longreach_Bay.JH.2"
939,110,NA,"Armstrong","Fished","Longreach_Bay","F","Fished.Armstrong.Longreach_Bay.JH.3"
940,110,NA,"Armstrong","Fished","Longreach_Bay","F","Fished.Armstrong.Longreach_Bay.JH.3"
941,110,NA,"Armstrong","Fished","Longreach_Bay","F","Fished.Armstrong.Longreach_Bay.JH.3"
