"row.id","length.mm","","sanctuary","status","site"
1,160,NA,"Parker_Pt","No-take","East_Salmon"
2,100,NA,"Parker_Pt","No-take","East_Salmon"
3,200,NA,"Parker_Pt","No-take","East_Salmon"
4,130,NA,"Parker_Pt","No-take","East_Salmon"
5,140,NA,"Parker_Pt","No-take","East_Salmon"
6,100,NA,"Parker_Pt","No-take","East_Salmon"
7,90,NA,"Parker_Pt","No-take","East_Salmon"
8,70,NA,"Parker_Pt","No-take","East_Salmon"
9,80,NA,"Parker_Pt","No-take","East_Salmon"
10,90,NA,"Parker_Pt","No-take","East_Salmon"
11,100,NA,"Parker_Pt","No-take","East_Salmon"
12,120,NA,"Parker_Pt","No-take","East_Salmon"
13,200,NA,"Parker_Pt","No-take","East_Salmon"
14,100,NA,"Parker_Pt","No-take","East_Salmon"
15,40,NA,"Parker_Pt","No-take","East_Salmon"
16,200,NA,"Parker_Pt","No-take","East_Salmon"
17,50,NA,"Parker_Pt","No-take","East_Salmon"
18,120,NA,"Parker_Pt","No-take","East_Salmon"
19,130,NA,"Parker_Pt","No-take","East_Salmon"
20,170,NA,"Parker_Pt","No-take","East_Salmon"
21,110,NA,"Parker_Pt","No-take","East_Salmon"
22,70,NA,"Parker_Pt","No-take","East_Salmon"
23,80,NA,"Parker_Pt","No-take","East_Salmon"
24,100,NA,"Parker_Pt","No-take","East_Salmon"
25,130,NA,"Parker_Pt","No-take","East_Salmon"
26,60,NA,"Parker_Pt","No-take","East_Salmon"
27,80,NA,"Parker_Pt","No-take","East_Salmon"
28,250,NA,"Parker_Pt","No-take","East_Salmon"
29,200,NA,"Parker_Pt","No-take","East_Salmon"
30,170,NA,"Parker_Pt","No-take","East_Salmon"
31,80,NA,"Parker_Pt","No-take","East_Salmon"
32,70,NA,"Parker_Pt","No-take","East_Salmon"
33,160,NA,"Parker_Pt","No-take","East_Salmon"
34,60,NA,"Parker_Pt","No-take","East_Salmon"
35,80,NA,"Parker_Pt","No-take","East_Salmon"
36,70,NA,"Parker_Pt","No-take","East_Salmon"
37,90,NA,"Parker_Pt","No-take","East_Salmon"
38,220,NA,"Parker_Pt","No-take","East_Salmon"
39,300,NA,"Parker_Pt","No-take","East_Salmon"
40,250,NA,"Parker_Pt","No-take","East_Salmon"
41,270,NA,"Parker_Pt","No-take","East_Salmon"
42,150,NA,"Parker_Pt","No-take","East_Salmon"
43,100,NA,"Parker_Pt","No-take","East_Salmon"
44,120,NA,"Parker_Pt","No-take","East_Salmon"
45,200,NA,"Parker_Pt","No-take","East_Salmon"
46,120,NA,"Parker_Pt","No-take","East_Salmon"
47,120,NA,"Parker_Pt","No-take","East_Salmon"
48,130,NA,"Parker_Pt","No-take","East_Salmon"
49,300,NA,"Parker_Pt","No-take","East_Salmon"
50,120,NA,"Parker_Pt","No-take","East_Salmon"
51,180,NA,"Parker_Pt","No-take","East_Salmon"
52,120,NA,"Parker_Pt","No-take","East_Salmon"
53,150,NA,"Parker_Pt","No-take","East_Salmon"
54,75,NA,"Parker_Pt","No-take","East_Salmon"
55,70,NA,"Parker_Pt","No-take","East_Salmon"
56,70,NA,"Parker_Pt","No-take","East_Salmon"
57,50,NA,"Parker_Pt","No-take","East_Salmon"
58,50,NA,"Parker_Pt","No-take","East_Salmon"
59,60,NA,"Parker_Pt","No-take","East_Salmon"
60,50,NA,"Parker_Pt","No-take","East_Salmon"
61,60,NA,"Parker_Pt","No-take","East_Salmon"
62,200,NA,"Parker_Pt","No-take","East_Salmon"
63,60,NA,"Parker_Pt","No-take","East_Salmon"
64,70,NA,"Parker_Pt","No-take","East_Salmon"
65,70,NA,"Parker_Pt","No-take","East_Salmon"
66,100,NA,"Parker_Pt","No-take","East_Salmon"
67,90,NA,"Parker_Pt","No-take","East_Salmon"
68,85,NA,"Parker_Pt","No-take","East_Salmon"
69,80,NA,"Parker_Pt","No-take","East_Salmon"
70,50,NA,"Parker_Pt","No-take","East_Salmon"
71,100,NA,"Parker_Pt","No-take","East_Salmon"
72,150,NA,"Parker_Pt","No-take","East_Salmon"
73,60,NA,"Parker_Pt","No-take","East_Salmon"
74,60,NA,"Parker_Pt","No-take","East_Salmon"
75,60,NA,"Parker_Pt","No-take","East_Salmon"
76,50,NA,"Parker_Pt","No-take","East_Salmon"
77,60,NA,"Parker_Pt","No-take","East_Salmon"
78,60,NA,"Parker_Pt","No-take","East_Salmon"
79,80,NA,"Parker_Pt","No-take","East_Salmon"
80,90,NA,"Parker_Pt","No-take","East_Salmon"
81,100,NA,"Parker_Pt","No-take","East_Salmon"
82,50,NA,"Parker_Pt","No-take","East_Salmon"
83,75,NA,"Parker_Pt","No-take","East_Salmon"
84,60,NA,"Parker_Pt","No-take","East_Salmon"
85,120,NA,"Parker_Pt","No-take","East_Salmon"
86,130,NA,"Parker_Pt","No-take","East_Salmon"
87,40,NA,"Parker_Pt","No-take","East_Salmon"
88,50,NA,"Parker_Pt","No-take","East_Salmon"
89,150,NA,"Parker_Pt","No-take","East_Salmon"
90,120,NA,"Parker_Pt","No-take","East_Salmon"
91,110,NA,"Parker_Pt","No-take","East_Salmon"
92,150,NA,"Parker_Pt","No-take","East_Salmon"
93,120,NA,"Parker_Pt","No-take","East_Salmon"
94,110,NA,"Parker_Pt","No-take","East_Salmon"
95,100,NA,"Parker_Pt","No-take","East_Salmon"
96,90,NA,"Parker_Pt","No-take","East_Salmon"
97,120,NA,"Parker_Pt","No-take","East_Salmon"
98,250,NA,"Parker_Pt","No-take","East_Salmon"
99,120,NA,"Parker_Pt","No-take","East_Salmon"
100,220,NA,"Parker_Pt","No-take","East_Salmon"
101,110,NA,"Parker_Pt","No-take","East_Salmon"
102,120,NA,"Parker_Pt","No-take","East_Salmon"
103,130,NA,"Parker_Pt","No-take","East_Salmon"
104,130,NA,"Parker_Pt","No-take","East_Salmon"
105,120,NA,"Parker_Pt","No-take","East_Salmon"
106,280,NA,"Parker_Pt","No-take","East_Salmon"
107,130,NA,"Parker_Pt","No-take","East_Salmon"
108,300,NA,"Parker_Pt","No-take","East_Salmon"
109,120,NA,"Parker_Pt","No-take","East_Salmon"
110,120,NA,"Parker_Pt","No-take","East_Salmon"
111,120,NA,"Parker_Pt","No-take","East_Salmon"
112,110,NA,"Parker_Pt","No-take","East_Salmon"
113,140,NA,"Parker_Pt","No-take","East_Salmon"
114,310,NA,"Parker_Pt","No-take","East_Salmon"
115,150,NA,"Parker_Pt","No-take","East_Salmon"
116,130,NA,"Parker_Pt","No-take","East_Salmon"
117,310,NA,"Parker_Pt","No-take","East_Salmon"
118,290,NA,"Parker_Pt","No-take","East_Salmon"
119,250,NA,"Parker_Pt","No-take","East_Salmon"
120,240,NA,"Parker_Pt","No-take","East_Salmon"
121,140,NA,"Parker_Pt","No-take","East_Salmon"
122,330,NA,"Parker_Pt","No-take","East_Salmon"
123,240,NA,"Parker_Pt","No-take","East_Salmon"
124,130,NA,"Parker_Pt","No-take","East_Salmon"
126,160,NA,"Armstrong","Fished","Geordie_Bay"
127,160,NA,"Armstrong","Fished","Geordie_Bay"
128,220,NA,"Armstrong","Fished","Geordie_Bay"
129,200,NA,"Armstrong","Fished","Geordie_Bay"
130,110,NA,"Armstrong","Fished","Geordie_Bay"
131,400,NA,"Armstrong","Fished","Geordie_Bay"
132,250,NA,"Armstrong","Fished","Geordie_Bay"
133,250,NA,"Armstrong","Fished","Geordie_Bay"
134,150,NA,"Armstrong","Fished","Geordie_Bay"
135,150,NA,"Armstrong","Fished","Geordie_Bay"
136,100,NA,"Armstrong","Fished","Geordie_Bay"
137,150,NA,"Armstrong","Fished","Geordie_Bay"
138,100,NA,"Armstrong","Fished","Geordie_Bay"
141,90,NA,"Armstrong","Fished","Geordie_Bay"
142,90,NA,"Armstrong","Fished","Geordie_Bay"
143,50,NA,"Armstrong","Fished","Geordie_Bay"
146,110,NA,"Armstrong","Fished","Geordie_Bay"
147,90,NA,"Armstrong","Fished","Geordie_Bay"
148,170,NA,"Armstrong","Fished","Geordie_Bay"
149,150,NA,"Armstrong","Fished","Geordie_Bay"
153,200,NA,"Green_Island","Fished","East_Strickland"
154,100,NA,"Green_Island","Fished","East_Strickland"
155,200,NA,"Green_Island","Fished","East_Strickland"
156,200,NA,"Green_Island","Fished","East_Strickland"
157,110,NA,"Green_Island","Fished","East_Strickland"
158,200,NA,"Green_Island","Fished","East_Strickland"
159,200,NA,"Green_Island","Fished","East_Strickland"
160,200,NA,"Green_Island","Fished","East_Strickland"
161,200,NA,"Green_Island","Fished","East_Strickland"
162,200,NA,"Green_Island","Fished","East_Strickland"
163,150,NA,"Green_Island","Fished","East_Strickland"
164,80,NA,"Green_Island","Fished","East_Strickland"
165,200,NA,"Green_Island","Fished","East_Strickland"
166,110,NA,"Green_Island","Fished","East_Strickland"
167,190,NA,"Green_Island","Fished","East_Strickland"
168,180,NA,"Green_Island","Fished","East_Strickland"
169,120,NA,"Green_Island","Fished","East_Strickland"
170,90,NA,"Green_Island","Fished","East_Strickland"
171,100,NA,"Green_Island","Fished","East_Strickland"
172,200,NA,"Green_Island","Fished","East_Strickland"
173,100,NA,"Green_Island","Fished","East_Strickland"
174,60,NA,"Green_Island","Fished","East_Strickland"
175,80,NA,"Green_Island","Fished","East_Strickland"
176,40,NA,"Green_Island","Fished","East_Strickland"
177,75,NA,"Green_Island","Fished","East_Strickland"
178,60,NA,"Green_Island","Fished","East_Strickland"
179,55,NA,"Green_Island","Fished","East_Strickland"
180,50,NA,"Green_Island","Fished","East_Strickland"
181,80,NA,"Green_Island","Fished","East_Strickland"
182,180,NA,"Green_Island","Fished","East_Strickland"
183,120,NA,"Green_Island","Fished","East_Strickland"
184,100,NA,"Green_Island","Fished","East_Strickland"
185,110,NA,"Green_Island","Fished","East_Strickland"
186,180,NA,"Green_Island","Fished","East_Strickland"
187,290,NA,"Green_Island","Fished","East_Strickland"
188,180,NA,"Green_Island","Fished","East_Strickland"
189,150,NA,"Green_Island","Fished","East_Strickland"
190,190,NA,"Green_Island","Fished","East_Strickland"
191,120,NA,"Green_Island","Fished","East_Strickland"
192,130,NA,"Green_Island","Fished","East_Strickland"
193,160,NA,"Green_Island","Fished","East_Strickland"
194,110,NA,"Green_Island","Fished","East_Strickland"
195,120,NA,"Green_Island","Fished","East_Strickland"
196,120,NA,"Green_Island","Fished","East_Strickland"
197,190,NA,"Green_Island","Fished","East_Strickland"
198,320,NA,"Green_Island","Fished","East_Strickland"
199,180,NA,"Green_Island","Fished","East_Strickland"
200,150,NA,"Green_Island","Fished","East_Strickland"
201,140,NA,"Green_Island","Fished","East_Strickland"
202,130,NA,"Green_Island","Fished","East_Strickland"
203,180,NA,"Green_Island","Fished","East_Strickland"
204,120,NA,"Green_Island","Fished","East_Strickland"
205,120,NA,"Green_Island","Fished","East_Strickland"
206,110,NA,"Green_Island","Fished","East_Strickland"
207,110,NA,"Green_Island","Fished","East_Strickland"
208,110,NA,"Green_Island","Fished","East_Strickland"
209,110,NA,"Green_Island","Fished","East_Strickland"
210,120,NA,"Green_Island","Fished","East_Strickland"
211,120,NA,"Green_Island","Fished","East_Strickland"
212,110,NA,"Green_Island","Fished","East_Strickland"
213,220,NA,"Green_Island","Fished","East_Strickland"
214,250,NA,"Green_Island","Fished","East_Strickland"
215,120,NA,"Green_Island","No-take","Green_Island"
216,130,NA,"Green_Island","No-take","Green_Island"
217,70,NA,"Green_Island","No-take","Green_Island"
218,80,NA,"Green_Island","No-take","Green_Island"
219,180,NA,"Green_Island","No-take","Green_Island"
220,90,NA,"Green_Island","No-take","Green_Island"
221,150,NA,"Green_Island","No-take","Green_Island"
222,250,NA,"Green_Island","No-take","Green_Island"
223,300,NA,"Green_Island","No-take","Green_Island"
224,80,NA,"Green_Island","No-take","Green_Island"
225,90,NA,"Green_Island","No-take","Green_Island"
226,250,NA,"Green_Island","No-take","Green_Island"
227,90,NA,"Green_Island","No-take","Green_Island"
228,80,NA,"Green_Island","No-take","Green_Island"
229,70,NA,"Green_Island","No-take","Green_Island"
230,250,NA,"Green_Island","No-take","Green_Island"
231,120,NA,"Green_Island","No-take","Green_Island"
232,70,NA,"Green_Island","No-take","Green_Island"
233,170,NA,"Green_Island","No-take","Green_Island"
234,110,NA,"Green_Island","No-take","Green_Island"
235,120,NA,"Green_Island","No-take","Green_Island"
236,140,NA,"Green_Island","No-take","Green_Island"
237,60,NA,"Green_Island","No-take","Green_Island"
238,70,NA,"Green_Island","No-take","Green_Island"
239,250,NA,"Green_Island","No-take","Green_Island"
240,270,NA,"Green_Island","No-take","Green_Island"
241,70,NA,"Green_Island","No-take","Green_Island"
242,60,NA,"Green_Island","No-take","Green_Island"
243,180,NA,"Green_Island","No-take","Green_Island"
244,200,NA,"Green_Island","No-take","Green_Island"
245,200,NA,"Green_Island","No-take","Green_Island"
246,150,NA,"Green_Island","No-take","Green_Island"
247,300,NA,"Green_Island","No-take","Green_Island"
248,50,NA,"Green_Island","No-take","Green_Island"
249,40,NA,"Green_Island","No-take","Green_Island"
250,40,NA,"Green_Island","No-take","Green_Island"
251,80,NA,"Green_Island","No-take","Green_Island"
252,70,NA,"Green_Island","No-take","Green_Island"
253,75,NA,"Green_Island","No-take","Green_Island"
254,60,NA,"Green_Island","No-take","Green_Island"
255,75,NA,"Green_Island","No-take","Green_Island"
256,200,NA,"Green_Island","No-take","Green_Island"
257,75,NA,"Green_Island","No-take","Green_Island"
258,65,NA,"Green_Island","No-take","Green_Island"
259,50,NA,"Green_Island","No-take","Green_Island"
260,40,NA,"Green_Island","No-take","Green_Island"
261,100,NA,"Green_Island","No-take","Green_Island"
262,180,NA,"Green_Island","No-take","Green_Island"
263,40,NA,"Green_Island","No-take","Green_Island"
264,50,NA,"Green_Island","No-take","Green_Island"
265,190,NA,"Green_Island","No-take","Green_Island"
266,100,NA,"Green_Island","No-take","Green_Island"
267,100,NA,"Green_Island","No-take","Green_Island"
268,80,NA,"Green_Island","No-take","Green_Island"
269,50,NA,"Green_Island","No-take","Green_Island"
270,180,NA,"Green_Island","No-take","Green_Island"
271,200,NA,"Green_Island","No-take","Green_Island"
272,70,NA,"Green_Island","No-take","Green_Island"
273,60,NA,"Green_Island","No-take","Green_Island"
274,60,NA,"Green_Island","No-take","Green_Island"
275,40,NA,"Green_Island","No-take","Green_Island"
276,200,NA,"Green_Island","No-take","Green_Island"
277,190,NA,"Green_Island","No-take","Green_Island"
278,180,NA,"Green_Island","No-take","Green_Island"
279,80,NA,"Green_Island","No-take","Green_Island"
280,40,NA,"Green_Island","No-take","Green_Island"
281,220,NA,"Green_Island","No-take","Green_Island"
282,320,NA,"Green_Island","No-take","Green_Island"
283,150,NA,"Green_Island","No-take","Green_Island"
284,130,NA,"Green_Island","No-take","Green_Island"
286,150,NA,"Green_Island","No-take","Green_Island"
287,280,NA,"Green_Island","No-take","Green_Island"
288,110,NA,"Green_Island","No-take","Green_Island"
289,110,NA,"Green_Island","No-take","Green_Island"
290,110,NA,"Green_Island","No-take","Green_Island"
291,120,NA,"Green_Island","No-take","Green_Island"
292,120,NA,"Green_Island","No-take","Green_Island"
293,120,NA,"Green_Island","No-take","Green_Island"
294,110,NA,"Green_Island","No-take","Green_Island"
295,110,NA,"Green_Island","No-take","Green_Island"
296,110,NA,"Green_Island","No-take","Green_Island"
297,110,NA,"Green_Island","No-take","Green_Island"
298,150,NA,"Green_Island","No-take","Green_Island"
299,130,NA,"Green_Island","No-take","Green_Island"
300,130,NA,"Green_Island","No-take","Green_Island"
301,180,NA,"Green_Island","No-take","Green_Island"
302,320,NA,"Green_Island","No-take","Green_Island"
303,150,NA,"Green_Island","No-take","Green_Island"
304,140,NA,"Green_Island","No-take","Green_Island"
305,220,NA,"Green_Island","No-take","Green_Island"
306,180,NA,"Green_Island","No-take","Green_Island"
307,100,NA,"Armstrong","Fished","Ricey_Beach"
308,150,NA,"Armstrong","Fished","Ricey_Beach"
309,150,NA,"Armstrong","Fished","Ricey_Beach"
310,150,NA,"Armstrong","Fished","Ricey_Beach"
311,150,NA,"Armstrong","Fished","Ricey_Beach"
312,100,NA,"Armstrong","Fished","Ricey_Beach"
313,250,NA,"Armstrong","Fished","Ricey_Beach"
314,150,NA,"Armstrong","Fished","Ricey_Beach"
315,150,NA,"Armstrong","Fished","Ricey_Beach"
316,150,NA,"Armstrong","Fished","Ricey_Beach"
317,150,NA,"Armstrong","Fished","Ricey_Beach"
318,150,NA,"Armstrong","Fished","Ricey_Beach"
319,150,NA,"Armstrong","Fished","Ricey_Beach"
320,150,NA,"Armstrong","Fished","Ricey_Beach"
321,150,NA,"Armstrong","Fished","Ricey_Beach"
322,150,NA,"Armstrong","Fished","Ricey_Beach"
323,350,NA,"Armstrong","Fished","Ricey_Beach"
325,150,NA,"Armstrong","Fished","Ricey_Beach"
326,150,NA,"Armstrong","Fished","Ricey_Beach"
327,150,NA,"Armstrong","Fished","Ricey_Beach"
328,150,NA,"Armstrong","Fished","Ricey_Beach"
329,150,NA,"Armstrong","Fished","Ricey_Beach"
330,220,NA,"Armstrong","Fished","Ricey_Beach"
331,75,NA,"Armstrong","Fished","Ricey_Beach"
332,70,NA,"Armstrong","Fished","Ricey_Beach"
333,60,NA,"Armstrong","Fished","Ricey_Beach"
334,50,NA,"Armstrong","Fished","Ricey_Beach"
335,90,NA,"Armstrong","Fished","Ricey_Beach"
336,60,NA,"Armstrong","Fished","Ricey_Beach"
337,70,NA,"Armstrong","Fished","Ricey_Beach"
338,100,NA,"Armstrong","Fished","Ricey_Beach"
339,220,NA,"Armstrong","Fished","Ricey_Beach"
340,250,NA,"Armstrong","Fished","Ricey_Beach"
341,150,NA,"Armstrong","Fished","Ricey_Beach"
342,50,NA,"Armstrong","Fished","Ricey_Beach"
343,60,NA,"Armstrong","Fished","Ricey_Beach"
344,70,NA,"Armstrong","Fished","Ricey_Beach"
345,95,NA,"Armstrong","Fished","Ricey_Beach"
346,55,NA,"Armstrong","Fished","Ricey_Beach"
347,100,NA,"Armstrong","Fished","Ricey_Beach"
348,150,NA,"Armstrong","Fished","Ricey_Beach"
349,75,NA,"Armstrong","Fished","Ricey_Beach"
350,60,NA,"Armstrong","Fished","Ricey_Beach"
351,80,NA,"Armstrong","Fished","Ricey_Beach"
352,75,NA,"Armstrong","Fished","Ricey_Beach"
353,60,NA,"Armstrong","Fished","Ricey_Beach"
354,100,NA,"Armstrong","Fished","Ricey_Beach"
355,65,NA,"Armstrong","Fished","Ricey_Beach"
356,90,NA,"Armstrong","Fished","Ricey_Beach"
357,75,NA,"Armstrong","Fished","Ricey_Beach"
358,100,NA,"Armstrong","Fished","Ricey_Beach"
359,60,NA,"Armstrong","Fished","Ricey_Beach"
360,80,NA,"Armstrong","Fished","Ricey_Beach"
361,50,NA,"Armstrong","Fished","Ricey_Beach"
362,200,NA,"Armstrong","Fished","Ricey_Beach"
363,220,NA,"Armstrong","Fished","Ricey_Beach"
364,75,NA,"Armstrong","Fished","Ricey_Beach"
365,70,NA,"Armstrong","Fished","Ricey_Beach"
366,55,NA,"Armstrong","Fished","Ricey_Beach"
367,80,NA,"Armstrong","Fished","Ricey_Beach"
368,30,NA,"Armstrong","Fished","Ricey_Beach"
369,120,NA,"Armstrong","Fished","Ricey_Beach"
370,130,NA,"Armstrong","Fished","Ricey_Beach"
371,50,NA,"Armstrong","Fished","Ricey_Beach"
372,60,NA,"Armstrong","Fished","Ricey_Beach"
373,60,NA,"Armstrong","Fished","Ricey_Beach"
374,60,NA,"Armstrong","Fished","Ricey_Beach"
375,50,NA,"Armstrong","Fished","Ricey_Beach"
376,90,NA,"Armstrong","Fished","Ricey_Beach"
377,80,NA,"Armstrong","Fished","Ricey_Beach"
378,85,NA,"Armstrong","Fished","Ricey_Beach"
379,70,NA,"Armstrong","Fished","Ricey_Beach"
380,50,NA,"Armstrong","Fished","Ricey_Beach"
381,55,NA,"Armstrong","Fished","Ricey_Beach"
382,50,NA,"Armstrong","Fished","Ricey_Beach"
383,55,NA,"Armstrong","Fished","Ricey_Beach"
384,150,NA,"Armstrong","Fished","Ricey_Beach"
385,50,NA,"Armstrong","Fished","Ricey_Beach"
386,60,NA,"Armstrong","Fished","Ricey_Beach"
387,70,NA,"Armstrong","Fished","Ricey_Beach"
388,55,NA,"Armstrong","Fished","Ricey_Beach"
389,75,NA,"Armstrong","Fished","Ricey_Beach"
390,65,NA,"Armstrong","Fished","Ricey_Beach"
391,50,NA,"Armstrong","Fished","Ricey_Beach"
392,190,NA,"Armstrong","Fished","Ricey_Beach"
393,55,NA,"Armstrong","Fished","Ricey_Beach"
394,60,NA,"Armstrong","Fished","Ricey_Beach"
395,50,NA,"Armstrong","Fished","Ricey_Beach"
396,70,NA,"Armstrong","Fished","Ricey_Beach"
397,80,NA,"Armstrong","Fished","Ricey_Beach"
398,60,NA,"Armstrong","Fished","Ricey_Beach"
399,80,NA,"Armstrong","Fished","Ricey_Beach"
400,70,NA,"Armstrong","Fished","Ricey_Beach"
401,100,NA,"Armstrong","Fished","Ricey_Beach"
402,90,NA,"Armstrong","Fished","Ricey_Beach"
403,75,NA,"Armstrong","Fished","Ricey_Beach"
404,60,NA,"Armstrong","Fished","Ricey_Beach"
405,50,NA,"Armstrong","Fished","Ricey_Beach"
406,120,NA,"Armstrong","Fished","Ricey_Beach"
407,95,NA,"Armstrong","Fished","Ricey_Beach"
408,80,NA,"Armstrong","Fished","Ricey_Beach"
409,70,NA,"Armstrong","Fished","Ricey_Beach"
410,70,NA,"Armstrong","Fished","Ricey_Beach"
411,60,NA,"Armstrong","Fished","Ricey_Beach"
412,50,NA,"Armstrong","Fished","Ricey_Beach"
413,50,NA,"Armstrong","Fished","Ricey_Beach"
414,60,NA,"Armstrong","Fished","Ricey_Beach"
415,220,NA,"Armstrong","Fished","Ricey_Beach"
416,200,NA,"Armstrong","Fished","Ricey_Beach"
417,120,NA,"Armstrong","Fished","Ricey_Beach"
418,110,NA,"Armstrong","Fished","Ricey_Beach"
419,120,NA,"Armstrong","Fished","Ricey_Beach"
420,80,NA,"Armstrong","Fished","Ricey_Beach"
421,90,NA,"Armstrong","Fished","Ricey_Beach"
422,100,NA,"Armstrong","Fished","Ricey_Beach"
423,250,NA,"Armstrong","Fished","Ricey_Beach"
424,180,NA,"Armstrong","Fished","Ricey_Beach"
425,130,NA,"Armstrong","Fished","Ricey_Beach"
426,110,NA,"Armstrong","Fished","Ricey_Beach"
427,150,NA,"Armstrong","Fished","Ricey_Beach"
428,190,NA,"Armstrong","Fished","Ricey_Beach"
429,170,NA,"Armstrong","Fished","Ricey_Beach"
430,180,NA,"Armstrong","Fished","Ricey_Beach"
431,160,NA,"Armstrong","Fished","Ricey_Beach"
432,160,NA,"Armstrong","Fished","Ricey_Beach"
433,160,NA,"Armstrong","Fished","Ricey_Beach"
434,160,NA,"Armstrong","Fished","Ricey_Beach"
435,150,NA,"Armstrong","Fished","Ricey_Beach"
436,150,NA,"Armstrong","Fished","Ricey_Beach"
437,150,NA,"Armstrong","Fished","Ricey_Beach"
438,110,NA,"Armstrong","Fished","Ricey_Beach"
439,110,NA,"Armstrong","Fished","Ricey_Beach"
440,110,NA,"Armstrong","Fished","Ricey_Beach"
441,110,NA,"Armstrong","Fished","Ricey_Beach"
442,100,NA,"Armstrong","Fished","Ricey_Beach"
443,100,NA,"Armstrong","Fished","Ricey_Beach"
444,200,NA,"Armstrong","Fished","Ricey_Beach"
445,200,NA,"Armstrong","Fished","Ricey_Beach"
446,150,NA,"Armstrong","Fished","Ricey_Beach"
447,180,NA,"Armstrong","Fished","Ricey_Beach"
448,180,NA,"Armstrong","Fished","Ricey_Beach"
449,280,NA,"Armstrong","Fished","Ricey_Beach"
450,130,NA,"Armstrong","Fished","Ricey_Beach"
451,130,NA,"Armstrong","Fished","Ricey_Beach"
452,130,NA,"Armstrong","Fished","Ricey_Beach"
453,150,NA,"Armstrong","Fished","Ricey_Beach"
454,150,NA,"Armstrong","Fished","Ricey_Beach"
455,180,NA,"Armstrong","Fished","Ricey_Beach"
456,180,NA,"Armstrong","Fished","Ricey_Beach"
457,300,NA,"Armstrong","Fished","Ricey_Beach"
458,80,NA,"Armstrong","Fished","Ricey_Beach"
459,80,NA,"Armstrong","Fished","Ricey_Beach"
460,70,NA,"Armstrong","Fished","Ricey_Beach"
461,80,NA,"Armstrong","Fished","Ricey_Beach"
462,80,NA,"Armstrong","Fished","Ricey_Beach"
463,80,NA,"Armstrong","Fished","Ricey_Beach"
464,90,NA,"Armstrong","Fished","Ricey_Beach"
465,290,NA,"Armstrong","Fished","Ricey_Beach"
466,220,NA,"Armstrong","Fished","Ricey_Beach"
467,130,NA,"Armstrong","Fished","Ricey_Beach"
468,140,NA,"Armstrong","Fished","Ricey_Beach"
469,180,NA,"Armstrong","Fished","Ricey_Beach"
470,170,NA,"Armstrong","Fished","Ricey_Beach"
471,290,NA,"Armstrong","Fished","Ricey_Beach"
472,270,NA,"Armstrong","Fished","Ricey_Beach"
473,120,NA,"Parker_Pt","No-take","Little Salmon_Bay"
474,250,NA,"Parker_Pt","No-take","Little Salmon_Bay"
475,120,NA,"Parker_Pt","No-take","Little Salmon_Bay"
476,400,NA,"Parker_Pt","No-take","Little Salmon_Bay"
477,120,NA,"Parker_Pt","No-take","Little Salmon_Bay"
478,120,NA,"Parker_Pt","No-take","Little Salmon_Bay"
479,100,NA,"Parker_Pt","No-take","Little Salmon_Bay"
480,80,NA,"Parker_Pt","No-take","Little Salmon_Bay"
481,150,NA,"Parker_Pt","No-take","Little Salmon_Bay"
482,380,NA,"Parker_Pt","No-take","Little Salmon_Bay"
483,60,NA,"Parker_Pt","No-take","Little Salmon_Bay"
484,60,NA,"Parker_Pt","No-take","Little Salmon_Bay"
485,350,NA,"Parker_Pt","No-take","Little Salmon_Bay"
486,420,NA,"Parker_Pt","No-take","Little Salmon_Bay"
487,240,NA,"Parker_Pt","No-take","Little Salmon_Bay"
488,240,NA,"Parker_Pt","No-take","Little Salmon_Bay"
489,210,NA,"Parker_Pt","No-take","Little Salmon_Bay"
490,200,NA,"Parker_Pt","No-take","Little Salmon_Bay"
491,280,NA,"Parker_Pt","No-take","Little Salmon_Bay"
492,120,NA,"Parker_Pt","No-take","Little Salmon_Bay"
493,150,NA,"Parker_Pt","No-take","Little Salmon_Bay"
494,150,NA,"Parker_Pt","No-take","Little Salmon_Bay"
495,290,NA,"Parker_Pt","No-take","Little Salmon_Bay"
496,140,NA,"Parker_Pt","No-take","Little Salmon_Bay"
497,100,NA,"Parker_Pt","No-take","Little Salmon_Bay"
498,120,NA,"Parker_Pt","No-take","Little Salmon_Bay"
499,110,NA,"Parker_Pt","No-take","Little Salmon_Bay"
500,200,NA,"Parker_Pt","No-take","Little Salmon_Bay"
501,110,NA,"Parker_Pt","No-take","Little Salmon_Bay"
502,310,NA,"Parker_Pt","No-take","Little Salmon_Bay"
503,120,NA,"Parker_Pt","No-take","Little Salmon_Bay"
504,100,NA,"Parker_Pt","No-take","Little Salmon_Bay"
505,180,NA,"Parker_Pt","No-take","Little Salmon_Bay"
506,180,NA,"Parker_Pt","No-take","Little Salmon_Bay"
507,180,NA,"Parker_Pt","No-take","Little Salmon_Bay"
508,180,NA,"Parker_Pt","No-take","Little Salmon_Bay"
509,180,NA,"Parker_Pt","No-take","Little Salmon_Bay"
510,180,NA,"Parker_Pt","No-take","Little Salmon_Bay"
511,180,NA,"Parker_Pt","No-take","Little Salmon_Bay"
512,180,NA,"Parker_Pt","No-take","Little Salmon_Bay"
513,180,NA,"Parker_Pt","No-take","Little Salmon_Bay"
514,180,NA,"Parker_Pt","No-take","Little Salmon_Bay"
515,130,NA,"Parker_Pt","No-take","Little Salmon_Bay"
516,130,NA,"Parker_Pt","No-take","Little Salmon_Bay"
517,130,NA,"Parker_Pt","No-take","Little Salmon_Bay"
518,130,NA,"Parker_Pt","No-take","Little Salmon_Bay"
519,130,NA,"Parker_Pt","No-take","Little Salmon_Bay"
520,130,NA,"Parker_Pt","No-take","Little Salmon_Bay"
521,130,NA,"Parker_Pt","No-take","Little Salmon_Bay"
522,130,NA,"Parker_Pt","No-take","Little Salmon_Bay"
523,130,NA,"Parker_Pt","No-take","Little Salmon_Bay"
524,130,NA,"Parker_Pt","No-take","Little Salmon_Bay"
525,130,NA,"Parker_Pt","No-take","Little Salmon_Bay"
526,130,NA,"Parker_Pt","No-take","Little Salmon_Bay"
527,130,NA,"Parker_Pt","No-take","Little Salmon_Bay"
528,130,NA,"Parker_Pt","No-take","Little Salmon_Bay"
529,130,NA,"Parker_Pt","No-take","Little Salmon_Bay"
530,130,NA,"Parker_Pt","No-take","Little Salmon_Bay"
531,130,NA,"Parker_Pt","No-take","Little Salmon_Bay"
532,130,NA,"Parker_Pt","No-take","Little Salmon_Bay"
533,130,NA,"Parker_Pt","No-take","Little Salmon_Bay"
534,130,NA,"Parker_Pt","No-take","Little Salmon_Bay"
535,130,NA,"Parker_Pt","No-take","Little Salmon_Bay"
536,120,NA,"Parker_Pt","No-take","Little Salmon_Bay"
537,80,NA,"Parker_Pt","No-take","Little Salmon_Bay"
538,70,NA,"Parker_Pt","No-take","Little Salmon_Bay"
539,90,NA,"Parker_Pt","No-take","Little Salmon_Bay"
540,90,NA,"Parker_Pt","No-take","Little Salmon_Bay"
541,90,NA,"Parker_Pt","No-take","Little Salmon_Bay"
542,90,NA,"Parker_Pt","No-take","Little Salmon_Bay"
543,80,NA,"Parker_Pt","No-take","Little Salmon_Bay"
544,80,NA,"Parker_Pt","No-take","Little Salmon_Bay"
545,70,NA,"Parker_Pt","No-take","Little Salmon_Bay"
546,50,NA,"Parker_Pt","No-take","Little Salmon_Bay"
547,50,NA,"Parker_Pt","No-take","Little Salmon_Bay"
548,50,NA,"Parker_Pt","No-take","Little Salmon_Bay"
549,150,NA,"Parker_Pt","No-take","Little Salmon_Bay"
550,100,NA,"Parker_Pt","No-take","Little Salmon_Bay"
551,200,NA,"Parker_Pt","No-take","Little Salmon_Bay"
552,140,NA,"Parker_Pt","No-take","Little Salmon_Bay"
553,120,NA,"Parker_Pt","No-take","Little Salmon_Bay"
554,120,NA,"Parker_Pt","No-take","Little Salmon_Bay"
555,120,NA,"Parker_Pt","No-take","Little Salmon_Bay"
556,150,NA,"Parker_Pt","No-take","Little Salmon_Bay"
557,150,NA,"Parker_Pt","No-take","Little Salmon_Bay"
558,100,NA,"Parker_Pt","No-take","Little Salmon_Bay"
559,100,NA,"Parker_Pt","No-take","Little Salmon_Bay"
560,100,NA,"Parker_Pt","No-take","Little Salmon_Bay"
561,100,NA,"Parker_Pt","No-take","Little Salmon_Bay"
562,100,NA,"Parker_Pt","No-take","Little Salmon_Bay"
563,100,NA,"Parker_Pt","No-take","Little Salmon_Bay"
564,100,NA,"Parker_Pt","No-take","Little Salmon_Bay"
565,100,NA,"Parker_Pt","No-take","Little Salmon_Bay"
566,100,NA,"Parker_Pt","No-take","Little Salmon_Bay"
567,140,NA,"Parker_Pt","No-take","Little Salmon_Bay"
568,140,NA,"Parker_Pt","No-take","Little Salmon_Bay"
569,140,NA,"Parker_Pt","No-take","Little Salmon_Bay"
570,100,NA,"Parker_Pt","No-take","Little Salmon_Bay"
571,350,NA,"Parker_Pt","No-take","Little Salmon_Bay"
572,110,NA,"Parker_Pt","No-take","Little Salmon_Bay"
573,80,NA,"Parker_Pt","No-take","Little Salmon_Bay"
574,90,NA,"Parker_Pt","No-take","Little Salmon_Bay"
575,60,NA,"Parker_Pt","No-take","Little Salmon_Bay"
576,80,NA,"Parker_Pt","No-take","Little Salmon_Bay"
577,70,NA,"Parker_Pt","No-take","Little Salmon_Bay"
578,100,NA,"Parker_Pt","No-take","Little Salmon_Bay"
579,100,NA,"Parker_Pt","No-take","Little Salmon_Bay"
580,120,NA,"Parker_Pt","No-take","Little Salmon_Bay"
581,250,NA,"Parker_Pt","No-take","Little Salmon_Bay"
582,90,NA,"Parker_Pt","No-take","Little Salmon_Bay"
583,90,NA,"Parker_Pt","No-take","Little Salmon_Bay"
584,110,NA,"Parker_Pt","No-take","Little Salmon_Bay"
585,95,NA,"Parker_Pt","No-take","Little Salmon_Bay"
586,100,NA,"Parker_Pt","No-take","Little Salmon_Bay"
587,150,NA,"Parker_Pt","No-take","Little Salmon_Bay"
588,110,NA,"Parker_Pt","No-take","Little Salmon_Bay"
589,90,NA,"Parker_Pt","No-take","Little Salmon_Bay"
590,110,NA,"Parker_Pt","No-take","Little Salmon_Bay"
591,110,NA,"Parker_Pt","No-take","Little Salmon_Bay"
592,110,NA,"Parker_Pt","No-take","Little Salmon_Bay"
593,100,NA,"Parker_Pt","No-take","Little Salmon_Bay"
594,105,NA,"Parker_Pt","No-take","Little Salmon_Bay"
595,120,NA,"Parker_Pt","No-take","Little Salmon_Bay"
596,220,NA,"Parker_Pt","No-take","Little Salmon_Bay"
597,90,NA,"Parker_Pt","No-take","Little Salmon_Bay"
598,90,NA,"Parker_Pt","No-take","Little Salmon_Bay"
599,250,NA,"Parker_Pt","No-take","Little Salmon_Bay"
600,120,NA,"Parker_Pt","No-take","Little Salmon_Bay"
601,110,NA,"Parker_Pt","No-take","Little Salmon_Bay"
602,200,NA,"Parker_Pt","No-take","Little Salmon_Bay"
603,100,NA,"Parker_Pt","No-take","Little Salmon_Bay"
604,110,NA,"Parker_Pt","No-take","Little Salmon_Bay"
605,110,NA,"Parker_Pt","No-take","Little Salmon_Bay"
606,70,NA,"Parker_Pt","No-take","Little Salmon_Bay"
607,110,NA,"Parker_Pt","No-take","Little Salmon_Bay"
608,110,NA,"Parker_Pt","No-take","Little Salmon_Bay"
609,110,NA,"Parker_Pt","No-take","Little Salmon_Bay"
610,130,NA,"Parker_Pt","No-take","Little Salmon_Bay"
611,130,NA,"Armstrong","No-take","Little_Armstrong_Bay"
612,200,NA,"Armstrong","No-take","Little_Armstrong_Bay"
613,200,NA,"Armstrong","No-take","Little_Armstrong_Bay"
614,200,NA,"Armstrong","No-take","Little_Armstrong_Bay"
615,200,NA,"Armstrong","No-take","Little_Armstrong_Bay"
616,100,NA,"Armstrong","No-take","Little_Armstrong_Bay"
617,400,NA,"Armstrong","No-take","Little_Armstrong_Bay"
618,150,NA,"Armstrong","No-take","Little_Armstrong_Bay"
619,150,NA,"Armstrong","No-take","Little_Armstrong_Bay"
620,150,NA,"Armstrong","No-take","Little_Armstrong_Bay"
621,150,NA,"Armstrong","No-take","Little_Armstrong_Bay"
622,150,NA,"Armstrong","No-take","Little_Armstrong_Bay"
623,150,NA,"Armstrong","No-take","Little_Armstrong_Bay"
624,150,NA,"Armstrong","No-take","Little_Armstrong_Bay"
625,100,NA,"Armstrong","No-take","Little_Armstrong_Bay"
626,200,NA,"Armstrong","No-take","Little_Armstrong_Bay"
627,200,NA,"Armstrong","No-take","Little_Armstrong_Bay"
628,200,NA,"Armstrong","No-take","Little_Armstrong_Bay"
629,200,NA,"Armstrong","No-take","Little_Armstrong_Bay"
630,150,NA,"Armstrong","No-take","Little_Armstrong_Bay"
631,150,NA,"Armstrong","No-take","Little_Armstrong_Bay"
632,150,NA,"Armstrong","No-take","Little_Armstrong_Bay"
633,150,NA,"Armstrong","No-take","Little_Armstrong_Bay"
634,150,NA,"Armstrong","No-take","Little_Armstrong_Bay"
635,300,NA,"Armstrong","No-take","Little_Armstrong_Bay"
636,170,NA,"Armstrong","No-take","Little_Armstrong_Bay"
637,170,NA,"Armstrong","No-take","Little_Armstrong_Bay"
638,150,NA,"Armstrong","No-take","Little_Armstrong_Bay"
639,150,NA,"Armstrong","No-take","Little_Armstrong_Bay"
640,150,NA,"Armstrong","No-take","Little_Armstrong_Bay"
641,150,NA,"Armstrong","No-take","Little_Armstrong_Bay"
642,150,NA,"Armstrong","No-take","Little_Armstrong_Bay"
643,150,NA,"Armstrong","No-take","Little_Armstrong_Bay"
644,150,NA,"Armstrong","No-take","Little_Armstrong_Bay"
645,150,NA,"Armstrong","No-take","Little_Armstrong_Bay"
646,150,NA,"Armstrong","No-take","Little_Armstrong_Bay"
647,150,NA,"Armstrong","No-take","Little_Armstrong_Bay"
648,150,NA,"Armstrong","No-take","Little_Armstrong_Bay"
649,150,NA,"Armstrong","No-take","Little_Armstrong_Bay"
650,150,NA,"Armstrong","No-take","Little_Armstrong_Bay"
651,150,NA,"Armstrong","No-take","Little_Armstrong_Bay"
652,150,NA,"Armstrong","No-take","Little_Armstrong_Bay"
653,150,NA,"Armstrong","No-take","Little_Armstrong_Bay"
654,150,NA,"Armstrong","No-take","Little_Armstrong_Bay"
655,150,NA,"Armstrong","No-take","Little_Armstrong_Bay"
656,150,NA,"Armstrong","No-take","Little_Armstrong_Bay"
657,150,NA,"Armstrong","No-take","Little_Armstrong_Bay"
658,150,NA,"Armstrong","No-take","Little_Armstrong_Bay"
659,150,NA,"Armstrong","No-take","Little_Armstrong_Bay"
660,150,NA,"Armstrong","No-take","Little_Armstrong_Bay"
661,150,NA,"Armstrong","No-take","Little_Armstrong_Bay"
662,150,NA,"Armstrong","No-take","Little_Armstrong_Bay"
663,150,NA,"Armstrong","No-take","Little_Armstrong_Bay"
664,150,NA,"Armstrong","No-take","Little_Armstrong_Bay"
665,150,NA,"Armstrong","No-take","Little_Armstrong_Bay"
666,150,NA,"Armstrong","No-take","Little_Armstrong_Bay"
667,150,NA,"Armstrong","No-take","Little_Armstrong_Bay"
668,150,NA,"Armstrong","No-take","Little_Armstrong_Bay"
669,150,NA,"Armstrong","No-take","Little_Armstrong_Bay"
670,150,NA,"Armstrong","No-take","Little_Armstrong_Bay"
671,150,NA,"Armstrong","No-take","Little_Armstrong_Bay"
672,150,NA,"Armstrong","No-take","Little_Armstrong_Bay"
673,150,NA,"Armstrong","No-take","Little_Armstrong_Bay"
674,150,NA,"Armstrong","No-take","Little_Armstrong_Bay"
675,150,NA,"Armstrong","No-take","Little_Armstrong_Bay"
676,150,NA,"Armstrong","No-take","Little_Armstrong_Bay"
677,150,NA,"Armstrong","No-take","Little_Armstrong_Bay"
678,150,NA,"Armstrong","No-take","Little_Armstrong_Bay"
679,150,NA,"Armstrong","No-take","Little_Armstrong_Bay"
680,150,NA,"Armstrong","No-take","Little_Armstrong_Bay"
681,150,NA,"Armstrong","No-take","Little_Armstrong_Bay"
682,150,NA,"Armstrong","No-take","Little_Armstrong_Bay"
683,150,NA,"Armstrong","No-take","Little_Armstrong_Bay"
684,150,NA,"Armstrong","No-take","Little_Armstrong_Bay"
685,150,NA,"Armstrong","No-take","Little_Armstrong_Bay"
686,150,NA,"Armstrong","No-take","Little_Armstrong_Bay"
687,150,NA,"Armstrong","No-take","Little_Armstrong_Bay"
688,150,NA,"Armstrong","No-take","Little_Armstrong_Bay"
689,150,NA,"Armstrong","No-take","Little_Armstrong_Bay"
690,150,NA,"Armstrong","No-take","Little_Armstrong_Bay"
691,150,NA,"Armstrong","No-take","Little_Armstrong_Bay"
692,150,NA,"Armstrong","No-take","Little_Armstrong_Bay"
693,150,NA,"Armstrong","No-take","Little_Armstrong_Bay"
694,150,NA,"Armstrong","No-take","Little_Armstrong_Bay"
695,150,NA,"Armstrong","No-take","Little_Armstrong_Bay"
696,150,NA,"Armstrong","No-take","Little_Armstrong_Bay"
697,150,NA,"Armstrong","No-take","Little_Armstrong_Bay"
698,150,NA,"Armstrong","No-take","Little_Armstrong_Bay"
699,150,NA,"Armstrong","No-take","Little_Armstrong_Bay"
700,150,NA,"Armstrong","No-take","Little_Armstrong_Bay"
701,150,NA,"Armstrong","No-take","Little_Armstrong_Bay"
702,150,NA,"Armstrong","No-take","Little_Armstrong_Bay"
703,150,NA,"Armstrong","No-take","Little_Armstrong_Bay"
704,150,NA,"Armstrong","No-take","Little_Armstrong_Bay"
705,150,NA,"Armstrong","No-take","Little_Armstrong_Bay"
706,150,NA,"Armstrong","No-take","Little_Armstrong_Bay"
707,150,NA,"Armstrong","No-take","Little_Armstrong_Bay"
708,150,NA,"Armstrong","No-take","Little_Armstrong_Bay"
709,150,NA,"Armstrong","No-take","Little_Armstrong_Bay"
710,150,NA,"Armstrong","No-take","Little_Armstrong_Bay"
711,150,NA,"Armstrong","No-take","Little_Armstrong_Bay"
712,150,NA,"Armstrong","No-take","Little_Armstrong_Bay"
713,150,NA,"Armstrong","No-take","Little_Armstrong_Bay"
714,150,NA,"Armstrong","No-take","Little_Armstrong_Bay"
715,150,NA,"Armstrong","No-take","Little_Armstrong_Bay"
716,150,NA,"Armstrong","No-take","Little_Armstrong_Bay"
717,150,NA,"Armstrong","No-take","Little_Armstrong_Bay"
718,150,NA,"Armstrong","No-take","Little_Armstrong_Bay"
719,150,NA,"Armstrong","No-take","Little_Armstrong_Bay"
720,150,NA,"Armstrong","No-take","Little_Armstrong_Bay"
721,150,NA,"Armstrong","No-take","Little_Armstrong_Bay"
722,150,NA,"Armstrong","No-take","Little_Armstrong_Bay"
723,150,NA,"Armstrong","No-take","Little_Armstrong_Bay"
724,150,NA,"Armstrong","No-take","Little_Armstrong_Bay"
725,150,NA,"Armstrong","No-take","Little_Armstrong_Bay"
726,150,NA,"Armstrong","No-take","Little_Armstrong_Bay"
727,150,NA,"Armstrong","No-take","Little_Armstrong_Bay"
728,150,NA,"Armstrong","No-take","Little_Armstrong_Bay"
729,150,NA,"Armstrong","No-take","Little_Armstrong_Bay"
730,150,NA,"Armstrong","No-take","Little_Armstrong_Bay"
731,150,NA,"Armstrong","No-take","Little_Armstrong_Bay"
732,150,NA,"Armstrong","No-take","Little_Armstrong_Bay"
733,150,NA,"Armstrong","No-take","Little_Armstrong_Bay"
734,150,NA,"Armstrong","No-take","Little_Armstrong_Bay"
735,150,NA,"Armstrong","No-take","Little_Armstrong_Bay"
736,150,NA,"Armstrong","No-take","Little_Armstrong_Bay"
737,150,NA,"Armstrong","No-take","Little_Armstrong_Bay"
738,150,NA,"Armstrong","No-take","Little_Armstrong_Bay"
739,150,NA,"Armstrong","No-take","Little_Armstrong_Bay"
740,150,NA,"Armstrong","No-take","Little_Armstrong_Bay"
741,150,NA,"Armstrong","No-take","Little_Armstrong_Bay"
742,150,NA,"Armstrong","No-take","Little_Armstrong_Bay"
743,150,NA,"Armstrong","No-take","Little_Armstrong_Bay"
744,150,NA,"Armstrong","No-take","Little_Armstrong_Bay"
745,150,NA,"Armstrong","No-take","Little_Armstrong_Bay"
746,150,NA,"Armstrong","No-take","Little_Armstrong_Bay"
747,150,NA,"Armstrong","No-take","Little_Armstrong_Bay"
748,150,NA,"Armstrong","No-take","Little_Armstrong_Bay"
749,150,NA,"Armstrong","No-take","Little_Armstrong_Bay"
750,150,NA,"Armstrong","No-take","Little_Armstrong_Bay"
751,150,NA,"Armstrong","No-take","Little_Armstrong_Bay"
752,150,NA,"Armstrong","No-take","Little_Armstrong_Bay"
753,150,NA,"Armstrong","No-take","Little_Armstrong_Bay"
754,150,NA,"Armstrong","No-take","Little_Armstrong_Bay"
755,150,NA,"Armstrong","No-take","Little_Armstrong_Bay"
756,150,NA,"Armstrong","No-take","Little_Armstrong_Bay"
757,150,NA,"Armstrong","No-take","Little_Armstrong_Bay"
758,150,NA,"Armstrong","No-take","Little_Armstrong_Bay"
759,150,NA,"Armstrong","No-take","Little_Armstrong_Bay"
760,150,NA,"Armstrong","No-take","Little_Armstrong_Bay"
761,150,NA,"Armstrong","No-take","Little_Armstrong_Bay"
762,150,NA,"Armstrong","No-take","Little_Armstrong_Bay"
763,150,NA,"Armstrong","No-take","Little_Armstrong_Bay"
764,150,NA,"Armstrong","No-take","Little_Armstrong_Bay"
765,150,NA,"Armstrong","No-take","Little_Armstrong_Bay"
766,150,NA,"Armstrong","No-take","Little_Armstrong_Bay"
767,150,NA,"Armstrong","No-take","Little_Armstrong_Bay"
768,150,NA,"Armstrong","No-take","Little_Armstrong_Bay"
769,150,NA,"Armstrong","No-take","Little_Armstrong_Bay"
770,150,NA,"Armstrong","No-take","Little_Armstrong_Bay"
771,150,NA,"Armstrong","No-take","Little_Armstrong_Bay"
772,150,NA,"Armstrong","No-take","Little_Armstrong_Bay"
773,150,NA,"Armstrong","No-take","Little_Armstrong_Bay"
774,150,NA,"Armstrong","No-take","Little_Armstrong_Bay"
775,150,NA,"Armstrong","No-take","Little_Armstrong_Bay"
776,150,NA,"Armstrong","No-take","Little_Armstrong_Bay"
777,150,NA,"Armstrong","No-take","Little_Armstrong_Bay"
778,150,NA,"Armstrong","No-take","Little_Armstrong_Bay"
779,150,NA,"Armstrong","No-take","Little_Armstrong_Bay"
780,150,NA,"Armstrong","No-take","Little_Armstrong_Bay"
781,150,NA,"Armstrong","No-take","Little_Armstrong_Bay"
782,150,NA,"Armstrong","No-take","Little_Armstrong_Bay"
783,150,NA,"Armstrong","No-take","Little_Armstrong_Bay"
784,150,NA,"Armstrong","No-take","Little_Armstrong_Bay"
785,150,NA,"Armstrong","No-take","Little_Armstrong_Bay"
786,150,NA,"Armstrong","No-take","Little_Armstrong_Bay"
787,150,NA,"Armstrong","No-take","Little_Armstrong_Bay"
788,150,NA,"Armstrong","No-take","Little_Armstrong_Bay"
789,150,NA,"Armstrong","No-take","Little_Armstrong_Bay"
790,250,NA,"Armstrong","No-take","Little_Armstrong_Bay"
791,100,NA,"Armstrong","No-take","Little_Armstrong_Bay"
792,100,NA,"Armstrong","No-take","Little_Armstrong_Bay"
793,100,NA,"Armstrong","No-take","Little_Armstrong_Bay"
794,100,NA,"Armstrong","No-take","Little_Armstrong_Bay"
795,100,NA,"Armstrong","No-take","Little_Armstrong_Bay"
796,100,NA,"Armstrong","No-take","Little_Armstrong_Bay"
797,100,NA,"Armstrong","No-take","Little_Armstrong_Bay"
798,100,NA,"Armstrong","No-take","Little_Armstrong_Bay"
799,350,NA,"Armstrong","No-take","Little_Armstrong_Bay"
802,300,NA,"Armstrong","No-take","Little_Armstrong_Bay"
803,300,NA,"Armstrong","No-take","Little_Armstrong_Bay"
804,250,NA,"Armstrong","No-take","Little_Armstrong_Bay"
805,180,NA,"Armstrong","No-take","Little_Armstrong_Bay"
806,100,NA,"Armstrong","No-take","Little_Armstrong_Bay"
807,150,NA,"Armstrong","No-take","Little_Armstrong_Bay"
808,160,NA,"Armstrong","No-take","Little_Armstrong_Bay"
809,200,NA,"Armstrong","No-take","Little_Armstrong_Bay"
810,300,NA,"Armstrong","No-take","Little_Armstrong_Bay"
811,180,NA,"Armstrong","No-take","Little_Armstrong_Bay"
812,350,NA,"Armstrong","No-take","Little_Armstrong_Bay"
813,180,NA,"Armstrong","No-take","Little_Armstrong_Bay"
814,120,NA,"Armstrong","No-take","Little_Armstrong_Bay"
815,110,NA,"Armstrong","No-take","Little_Armstrong_Bay"
816,280,NA,"Armstrong","No-take","Little_Armstrong_Bay"
817,300,NA,"Armstrong","No-take","Little_Armstrong_Bay"
818,180,NA,"Armstrong","No-take","Little_Armstrong_Bay"
819,110,NA,"Armstrong","No-take","Little_Armstrong_Bay"
820,120,NA,"Armstrong","No-take","Little_Armstrong_Bay"
821,75,NA,"Armstrong","No-take","Little_Armstrong_Bay"
822,100,NA,"Armstrong","No-take","Little_Armstrong_Bay"
823,80,NA,"Armstrong","No-take","Little_Armstrong_Bay"
824,80,NA,"Armstrong","No-take","Little_Armstrong_Bay"
825,80,NA,"Armstrong","No-take","Little_Armstrong_Bay"
826,90,NA,"Armstrong","No-take","Little_Armstrong_Bay"
827,90,NA,"Armstrong","No-take","Little_Armstrong_Bay"
828,90,NA,"Armstrong","No-take","Little_Armstrong_Bay"
829,100,NA,"Armstrong","No-take","Little_Armstrong_Bay"
830,70,NA,"Armstrong","No-take","Little_Armstrong_Bay"
831,120,NA,"Armstrong","No-take","Little_Armstrong_Bay"
832,280,NA,"Armstrong","No-take","Little_Armstrong_Bay"
833,190,NA,"Armstrong","No-take","Little_Armstrong_Bay"
834,150,NA,"Armstrong","No-take","Little_Armstrong_Bay"
835,130,NA,"Armstrong","No-take","Little_Armstrong_Bay"
836,220,NA,"Armstrong","No-take","Little_Armstrong_Bay"
837,150,NA,"Armstrong","No-take","Little_Armstrong_Bay"
838,160,NA,"Armstrong","No-take","Little_Armstrong_Bay"
839,180,NA,"Armstrong","No-take","Little_Armstrong_Bay"
840,150,NA,"Armstrong","No-take","Little_Armstrong_Bay"
841,110,NA,"Armstrong","No-take","Little_Armstrong_Bay"
842,180,NA,"Armstrong","No-take","Little_Armstrong_Bay"
843,150,NA,"Armstrong","No-take","Little_Armstrong_Bay"
844,160,NA,"Armstrong","No-take","Little_Armstrong_Bay"
845,110,NA,"Armstrong","No-take","Little_Armstrong_Bay"
847,100,NA,"Armstrong","Fished","Parakeet_Bay"
848,100,NA,"Armstrong","Fished","Parakeet_Bay"
849,100,NA,"Armstrong","Fished","Parakeet_Bay"
850,100,NA,"Armstrong","Fished","Parakeet_Bay"
851,100,NA,"Armstrong","Fished","Parakeet_Bay"
852,100,NA,"Armstrong","Fished","Parakeet_Bay"
853,100,NA,"Armstrong","Fished","Parakeet_Bay"
854,160,NA,"Armstrong","Fished","Parakeet_Bay"
855,160,NA,"Armstrong","Fished","Parakeet_Bay"
856,160,NA,"Armstrong","Fished","Parakeet_Bay"
857,150,NA,"Armstrong","Fished","Parakeet_Bay"
858,150,NA,"Armstrong","Fished","Parakeet_Bay"
859,150,NA,"Armstrong","Fished","Parakeet_Bay"
860,150,NA,"Armstrong","Fished","Parakeet_Bay"
861,150,NA,"Armstrong","Fished","Parakeet_Bay"
862,150,NA,"Armstrong","Fished","Parakeet_Bay"
863,150,NA,"Armstrong","Fished","Parakeet_Bay"
864,150,NA,"Armstrong","Fished","Parakeet_Bay"
865,150,NA,"Armstrong","Fished","Parakeet_Bay"
866,150,NA,"Armstrong","Fished","Parakeet_Bay"
867,150,NA,"Armstrong","Fished","Parakeet_Bay"
868,150,NA,"Armstrong","Fished","Parakeet_Bay"
870,160,NA,"Armstrong","Fished","Parakeet_Bay"
871,160,NA,"Armstrong","Fished","Parakeet_Bay"
872,160,NA,"Armstrong","Fished","Parakeet_Bay"
873,160,NA,"Armstrong","Fished","Parakeet_Bay"
874,160,NA,"Armstrong","Fished","Parakeet_Bay"
875,100,NA,"Armstrong","Fished","Parakeet_Bay"
876,100,NA,"Armstrong","Fished","Parakeet_Bay"
877,200,NA,"Armstrong","Fished","Parakeet_Bay"
878,250,NA,"Armstrong","Fished","Parakeet_Bay"
879,150,NA,"Armstrong","Fished","Longreach_Bay"
880,200,NA,"Armstrong","Fished","Longreach_Bay"
881,180,NA,"Armstrong","Fished","Longreach_Bay"
883,100,NA,"Armstrong","Fished","Longreach_Bay"
884,100,NA,"Armstrong","Fished","Longreach_Bay"
885,180,NA,"Armstrong","Fished","Longreach_Bay"
886,120,NA,"Armstrong","Fished","Longreach_Bay"
887,130,NA,"Armstrong","Fished","Longreach_Bay"
888,100,NA,"Armstrong","Fished","Longreach_Bay"
889,60,NA,"Armstrong","Fished","Longreach_Bay"
890,90,NA,"Armstrong","Fished","Longreach_Bay"
891,250,NA,"Armstrong","Fished","Longreach_Bay"
892,170,NA,"Armstrong","Fished","Longreach_Bay"
894,140,NA,"Armstrong","Fished","Parakeet_Bay"
895,120,NA,"Armstrong","Fished","Parakeet_Bay"
896,80,NA,"Armstrong","Fished","Parakeet_Bay"
897,90,NA,"Armstrong","Fished","Parakeet_Bay"
898,50,NA,"Armstrong","Fished","Parakeet_Bay"
899,90,NA,"Armstrong","Fished","Parakeet_Bay"
900,90,NA,"Armstrong","Fished","Parakeet_Bay"
901,90,NA,"Armstrong","Fished","Parakeet_Bay"
902,100,NA,"Armstrong","Fished","Parakeet_Bay"
903,100,NA,"Armstrong","Fished","Parakeet_Bay"
904,90,NA,"Armstrong","Fished","Parakeet_Bay"
905,90,NA,"Armstrong","Fished","Parakeet_Bay"
906,80,NA,"Armstrong","Fished","Parakeet_Bay"
908,200,NA,"Armstrong","Fished","Longreach_Bay"
909,200,NA,"Armstrong","Fished","Longreach_Bay"
911,250,NA,"Armstrong","Fished","Longreach_Bay"
912,300,NA,"Armstrong","Fished","Longreach_Bay"
913,100,NA,"Armstrong","Fished","Longreach_Bay"
914,100,NA,"Armstrong","Fished","Longreach_Bay"
916,200,NA,"Armstrong","Fished","Longreach_Bay"
917,200,NA,"Armstrong","Fished","Longreach_Bay"
918,150,NA,"Armstrong","Fished","Longreach_Bay"
919,150,NA,"Armstrong","Fished","Longreach_Bay"
920,150,NA,"Armstrong","Fished","Longreach_Bay"
921,150,NA,"Armstrong","Fished","Longreach_Bay"
922,150,NA,"Armstrong","Fished","Longreach_Bay"
923,100,NA,"Armstrong","Fished","Parakeet_Bay"
924,140,NA,"Armstrong","Fished","Parakeet_Bay"
925,140,NA,"Armstrong","Fished","Parakeet_Bay"
926,110,NA,"Armstrong","Fished","Parakeet_Bay"
927,150,NA,"Armstrong","Fished","Parakeet_Bay"
928,130,NA,"Armstrong","Fished","Parakeet_Bay"
929,100,NA,"Armstrong","Fished","Parakeet_Bay"
930,110,NA,"Armstrong","Fished","Parakeet_Bay"
931,130,NA,"Armstrong","Fished","Parakeet_Bay"
932,100,NA,"Armstrong","Fished","Parakeet_Bay"
933,100,NA,"Armstrong","Fished","Parakeet_Bay"
934,140,NA,"Armstrong","Fished","Parakeet_Bay"
935,130,NA,"Armstrong","Fished","Parakeet_Bay"
936,120,NA,"Armstrong","Fished","Longreach_Bay"
937,110,NA,"Armstrong","Fished","Longreach_Bay"
938,110,NA,"Armstrong","Fished","Longreach_Bay"
939,110,NA,"Armstrong","Fished","Longreach_Bay"
940,110,NA,"Armstrong","Fished","Longreach_Bay"
941,110,NA,"Armstrong","Fished","Longreach_Bay"
