"sample.no","M","F","J","school.count","","sanctuary","status","site"
1,0,0,0,0,NA,"Armstrong","Fished","Geordie_Bay"
2,0,3,0,0,NA,"Armstrong","Fished","Geordie_Bay"
3,0,2,0,0,NA,"Armstrong","Fished","Geordie_Bay"
4,0,1,0,0,NA,"Armstrong","Fished","Geordie_Bay"
5,0,6,0,0,NA,"Armstrong","Fished","Geordie_Bay"
6,0,0,0,0,NA,"Armstrong","Fished","Geordie_Bay"
7,0,0,0,0,NA,"Armstrong","Fished","Geordie_Bay"
8,0,3,0,0,NA,"Armstrong","Fished","Geordie_Bay"
9,0,0,0,0,NA,"Armstrong","Fished","Geordie_Bay"
10,0,0,0,0,NA,"Armstrong","Fished","Geordie_Bay"
11,0,4,0,0,NA,"Armstrong","Fished","Geordie_Bay"
12,0,0,0,0,NA,"Armstrong","Fished","Geordie_Bay"
13,0,0,0,0,NA,"Armstrong","Fished","Geordie_Bay"
14,0,0,0,0,NA,"Armstrong","Fished","Geordie_Bay"
15,0,3,0,0,NA,"Armstrong","Fished","Longreach_Bay"
16,0,0,0,0,NA,"Armstrong","Fished","Longreach_Bay"
17,0,3,0,0,NA,"Armstrong","Fished","Longreach_Bay"
18,0,7,0,0,NA,"Armstrong","Fished","Longreach_Bay"
19,0,0,0,0,NA,"Armstrong","Fished","Longreach_Bay"
20,0,2,0,0,NA,"Armstrong","Fished","Longreach_Bay"
21,0,0,0,0,NA,"Armstrong","Fished","Longreach_Bay"
22,0,3,0,0,NA,"Armstrong","Fished","Longreach_Bay"
23,0,0,0,0,NA,"Armstrong","Fished","Longreach_Bay"
24,0,7,0,0,NA,"Armstrong","Fished","Longreach_Bay"
25,0,1,0,0,NA,"Armstrong","Fished","Longreach_Bay"
26,0,2,0,0,NA,"Armstrong","Fished","Longreach_Bay"
27,0,3,0,0,NA,"Armstrong","Fished","Longreach_Bay"
28,0,0,0,0,NA,"Armstrong","Fished","Longreach_Bay"
29,0,0,0,0,NA,"Armstrong","Fished","Longreach_Bay"
30,0,0,0,0,NA,"Armstrong","Fished","Parakeet_Bay"
31,0,22,0,0,NA,"Armstrong","Fished","Parakeet_Bay"
32,0,0,0,0,NA,"Armstrong","Fished","Parakeet_Bay"
33,0,7,0,0,NA,"Armstrong","Fished","Parakeet_Bay"
34,0,2,0,0,NA,"Armstrong","Fished","Parakeet_Bay"
35,0,3,0,0,NA,"Armstrong","Fished","Parakeet_Bay"
36,0,1,0,0,NA,"Armstrong","Fished","Parakeet_Bay"
37,0,8,0,0,NA,"Armstrong","Fished","Parakeet_Bay"
38,0,1,0,0,NA,"Armstrong","Fished","Parakeet_Bay"
39,0,0,0,0,NA,"Armstrong","Fished","Parakeet_Bay"
40,0,1,0,0,NA,"Armstrong","Fished","Parakeet_Bay"
41,0,1,0,0,NA,"Armstrong","Fished","Parakeet_Bay"
42,0,3,0,0,NA,"Armstrong","Fished","Parakeet_Bay"
43,0,1,0,0,NA,"Armstrong","Fished","Parakeet_Bay"
44,0,7,0,0,NA,"Armstrong","Fished","Parakeet_Bay"
45,0,5,0,0,NA,"Armstrong","Fished","Ricey_Beach"
46,0,2,0,0,NA,"Armstrong","Fished","Ricey_Beach"
47,0,8,0,0,NA,"Armstrong","Fished","Ricey_Beach"
48,0,0,0,0,NA,"Armstrong","Fished","Ricey_Beach"
49,0,5,0,0,NA,"Armstrong","Fished","Ricey_Beach"
50,0,17,0,0,NA,"Armstrong","Fished","Ricey_Beach"
51,0,18,0,0,NA,"Armstrong","Fished","Ricey_Beach"
52,0,2,0,0,NA,"Armstrong","Fished","Ricey_Beach"
53,0,32,0,0,NA,"Armstrong","Fished","Ricey_Beach"
54,0,14,0,0,NA,"Armstrong","Fished","Ricey_Beach"
55,0,5,0,0,NA,"Armstrong","Fished","Ricey_Beach"
56,0,29,0,0,NA,"Armstrong","Fished","Ricey_Beach"
57,0,7,0,0,NA,"Armstrong","Fished","Ricey_Beach"
58,0,6,0,0,NA,"Armstrong","Fished","Ricey_Beach"
59,0,0,0,0,NA,"Armstrong","Fished","Ricey_Beach"
60,0,5,0,0,NA,"Armstrong","No-take","Little_Armstrong_Bay"
61,0,0,0,0,NA,"Armstrong","No-take","Little_Armstrong_Bay"
62,0,9,0,0,NA,"Armstrong","No-take","Little_Armstrong_Bay"
63,0,8,0,0,NA,"Armstrong","No-take","Little_Armstrong_Bay"
64,0,2,0,0,NA,"Armstrong","No-take","Little_Armstrong_Bay"
65,0,2,0,0,NA,"Armstrong","No-take","Little_Armstrong_Bay"
66,0,100,0,0,NA,"Armstrong","No-take","Little_Armstrong_Bay"
67,0,50,0,0,NA,"Armstrong","No-take","Little_Armstrong_Bay"
68,0,1,0,0,NA,"Armstrong","No-take","Little_Armstrong_Bay"
69,0,8,0,0,NA,"Armstrong","No-take","Little_Armstrong_Bay"
70,0,0,0,0,NA,"Armstrong","No-take","Little_Armstrong_Bay"
71,0,10,0,0,NA,"Armstrong","No-take","Little_Armstrong_Bay"
72,0,0,0,0,NA,"Armstrong","No-take","Little_Armstrong_Bay"
73,0,0,0,0,NA,"Armstrong","No-take","Little_Armstrong_Bay"
74,0,2,0,0,NA,"Armstrong","No-take","Little_Armstrong_Bay"
75,0,5,0,0,NA,"Armstrong","No-take","Little_Armstrong_Bay"
76,0,6,0,0,NA,"Armstrong","No-take","Little_Armstrong_Bay"
77,0,3,0,0,NA,"Armstrong","No-take","Little_Armstrong_Bay"
78,0,8,0,0,NA,"Armstrong","No-take","Little_Armstrong_Bay"
79,0,4,0,0,NA,"Armstrong","No-take","Little_Armstrong_Bay"
80,0,1,0,0,NA,"Green_Island","Fished","East_Strickland"
81,0,1,0,0,NA,"Green_Island","Fished","East_Strickland"
82,0,1,0,0,NA,"Green_Island","Fished","East_Strickland"
83,0,1,0,0,NA,"Green_Island","Fished","East_Strickland"
84,0,6,0,0,NA,"Green_Island","Fished","East_Strickland"
85,0,4,0,0,NA,"Green_Island","Fished","East_Strickland"
86,0,2,0,0,NA,"Green_Island","Fished","East_Strickland"
87,0,2,0,0,NA,"Green_Island","Fished","East_Strickland"
88,0,8,0,0,NA,"Green_Island","Fished","East_Strickland"
89,0,2,0,0,NA,"Green_Island","Fished","East_Strickland"
90,0,15,0,0,NA,"Green_Island","Fished","East_Strickland"
91,0,1,0,0,NA,"Green_Island","Fished","East_Strickland"
92,0,4,0,0,NA,"Green_Island","Fished","East_Strickland"
93,0,2,0,0,NA,"Green_Island","Fished","East_Strickland"
94,0,9,0,0,NA,"Green_Island","Fished","East_Strickland"
95,0,6,0,0,NA,"Green_Island","No-take","Green_Island"
96,0,2,0,0,NA,"Green_Island","No-take","Green_Island"
97,0,14,0,0,NA,"Green_Island","No-take","Green_Island"
98,0,1,0,0,NA,"Green_Island","No-take","Green_Island"
99,0,5,0,0,NA,"Green_Island","No-take","Green_Island"
100,0,8,0,0,NA,"Green_Island","No-take","Green_Island"
101,0,5,0,0,NA,"Green_Island","No-take","Green_Island"
102,0,4,0,0,NA,"Green_Island","No-take","Green_Island"
103,0,10,0,0,NA,"Green_Island","No-take","Green_Island"
104,0,4,0,0,NA,"Green_Island","No-take","Green_Island"
105,0,3,0,0,NA,"Green_Island","No-take","Green_Island"
106,0,0,0,0,NA,"Green_Island","No-take","Green_Island"
107,0,1,0,0,NA,"Green_Island","No-take","Green_Island"
108,0,15,0,0,NA,"Green_Island","No-take","Green_Island"
109,0,4,0,0,NA,"Green_Island","No-take","Green_Island"
110,0,3,0,0,NA,"Parker_Pt","No-take","East_Salmon"
111,0,6,0,0,NA,"Parker_Pt","No-take","East_Salmon"
112,0,6,0,0,NA,"Parker_Pt","No-take","East_Salmon"
113,0,7,0,0,NA,"Parker_Pt","No-take","East_Salmon"
114,0,13,0,0,NA,"Parker_Pt","No-take","East_Salmon"
115,0,6,0,0,NA,"Parker_Pt","No-take","East_Salmon"
116,0,7,0,0,NA,"Parker_Pt","No-take","East_Salmon"
117,0,4,0,0,NA,"Parker_Pt","No-take","East_Salmon"
118,0,19,0,0,NA,"Parker_Pt","No-take","East_Salmon"
119,0,14,0,0,NA,"Parker_Pt","No-take","East_Salmon"
120,0,5,0,0,NA,"Parker_Pt","No-take","East_Salmon"
121,0,4,0,0,NA,"Parker_Pt","No-take","East_Salmon"
122,0,8,0,0,NA,"Parker_Pt","No-take","East_Salmon"
123,0,1,0,0,NA,"Parker_Pt","No-take","East_Salmon"
124,0,12,0,0,NA,"Parker_Pt","No-take","East_Salmon"
125,0,32,0,0,NA,"Parker_Pt","No-take","Little Salmon_Bay"
126,0,9,0,0,NA,"Parker_Pt","No-take","Little Salmon_Bay"
127,0,5,0,0,NA,"Parker_Pt","No-take","Little Salmon_Bay"
128,0,17,0,0,NA,"Parker_Pt","No-take","Little Salmon_Bay"
129,0,5,0,0,NA,"Parker_Pt","No-take","Little Salmon_Bay"
130,0,2,0,0,NA,"Parker_Pt","No-take","Little Salmon_Bay"
131,0,5,0,0,NA,"Parker_Pt","No-take","Little Salmon_Bay"
132,0,6,0,0,NA,"Parker_Pt","No-take","Little Salmon_Bay"
133,0,7,0,0,NA,"Parker_Pt","No-take","Little Salmon_Bay"
134,0,9,0,0,NA,"Parker_Pt","No-take","Little Salmon_Bay"
135,0,7,0,0,NA,"Parker_Pt","No-take","Little Salmon_Bay"
136,0,10,0,0,NA,"Parker_Pt","No-take","Little Salmon_Bay"
137,0,6,0,0,NA,"Parker_Pt","No-take","Little Salmon_Bay"
138,0,5,0,0,NA,"Parker_Pt","No-take","Little Salmon_Bay"
139,0,3,0,0,NA,"Parker_Pt","No-take","Little Salmon_Bay"
140,0,0,0,0,NA,"Armstrong","Fished","Geordie_Bay"
141,0,0,0,0,NA,"Armstrong","Fished","Geordie_Bay"
142,0,0,0,0,NA,"Armstrong","Fished","Geordie_Bay"
143,1,0,0,0,NA,"Armstrong","Fished","Geordie_Bay"
144,0,0,0,0,NA,"Armstrong","Fished","Geordie_Bay"
145,0,0,0,0,NA,"Armstrong","Fished","Geordie_Bay"
146,0,0,0,0,NA,"Armstrong","Fished","Geordie_Bay"
147,0,0,0,0,NA,"Armstrong","Fished","Geordie_Bay"
148,0,0,0,0,NA,"Armstrong","Fished","Geordie_Bay"
149,0,0,0,0,NA,"Armstrong","Fished","Geordie_Bay"
150,0,0,0,0,NA,"Armstrong","Fished","Geordie_Bay"
151,0,0,0,0,NA,"Armstrong","Fished","Geordie_Bay"
152,0,0,0,0,NA,"Armstrong","Fished","Geordie_Bay"
153,0,0,0,0,NA,"Armstrong","Fished","Geordie_Bay"
154,0,0,0,0,NA,"Armstrong","Fished","Longreach_Bay"
155,0,0,0,0,NA,"Armstrong","Fished","Longreach_Bay"
156,0,0,0,0,NA,"Armstrong","Fished","Longreach_Bay"
157,0,0,0,0,NA,"Armstrong","Fished","Longreach_Bay"
158,0,0,0,0,NA,"Armstrong","Fished","Longreach_Bay"
159,0,0,0,0,NA,"Armstrong","Fished","Longreach_Bay"
160,0,0,0,0,NA,"Armstrong","Fished","Longreach_Bay"
161,1,0,0,0,NA,"Armstrong","Fished","Longreach_Bay"
162,0,0,0,0,NA,"Armstrong","Fished","Longreach_Bay"
163,0,0,0,0,NA,"Armstrong","Fished","Longreach_Bay"
164,0,0,0,0,NA,"Armstrong","Fished","Longreach_Bay"
165,0,0,0,0,NA,"Armstrong","Fished","Longreach_Bay"
166,0,0,0,0,NA,"Armstrong","Fished","Longreach_Bay"
167,0,0,0,0,NA,"Armstrong","Fished","Longreach_Bay"
168,0,0,0,0,NA,"Armstrong","Fished","Longreach_Bay"
169,0,0,0,0,NA,"Armstrong","Fished","Parakeet_Bay"
170,0,0,0,0,NA,"Armstrong","Fished","Parakeet_Bay"
171,0,0,0,0,NA,"Armstrong","Fished","Parakeet_Bay"
172,0,0,0,0,NA,"Armstrong","Fished","Parakeet_Bay"
173,0,0,0,0,NA,"Armstrong","Fished","Parakeet_Bay"
174,0,0,0,0,NA,"Armstrong","Fished","Parakeet_Bay"
175,0,0,0,0,NA,"Armstrong","Fished","Parakeet_Bay"
176,0,0,0,0,NA,"Armstrong","Fished","Parakeet_Bay"
177,0,0,0,0,NA,"Armstrong","Fished","Parakeet_Bay"
178,0,0,0,0,NA,"Armstrong","Fished","Parakeet_Bay"
179,0,0,0,0,NA,"Armstrong","Fished","Parakeet_Bay"
180,0,0,0,0,NA,"Armstrong","Fished","Parakeet_Bay"
181,0,0,0,0,NA,"Armstrong","Fished","Parakeet_Bay"
182,0,0,0,0,NA,"Armstrong","Fished","Parakeet_Bay"
183,0,0,0,0,NA,"Armstrong","Fished","Parakeet_Bay"
184,0,0,0,0,NA,"Armstrong","Fished","Ricey_Beach"
185,0,0,0,0,NA,"Armstrong","Fished","Ricey_Beach"
186,1,0,0,0,NA,"Armstrong","Fished","Ricey_Beach"
187,0,0,0,0,NA,"Armstrong","Fished","Ricey_Beach"
188,0,0,0,0,NA,"Armstrong","Fished","Ricey_Beach"
189,1,0,0,0,NA,"Armstrong","Fished","Ricey_Beach"
190,0,0,0,0,NA,"Armstrong","Fished","Ricey_Beach"
191,0,0,0,0,NA,"Armstrong","Fished","Ricey_Beach"
192,0,0,0,0,NA,"Armstrong","Fished","Ricey_Beach"
193,0,0,0,0,NA,"Armstrong","Fished","Ricey_Beach"
194,0,0,0,0,NA,"Armstrong","Fished","Ricey_Beach"
195,0,0,0,0,NA,"Armstrong","Fished","Ricey_Beach"
196,2,0,0,0,NA,"Armstrong","Fished","Ricey_Beach"
197,2,0,0,0,NA,"Armstrong","Fished","Ricey_Beach"
198,1,0,0,0,NA,"Armstrong","Fished","Ricey_Beach"
199,0,0,0,0,NA,"Armstrong","No-take","Little_Armstrong_Bay"
200,0,0,0,0,NA,"Armstrong","No-take","Little_Armstrong_Bay"
201,1,0,0,0,NA,"Armstrong","No-take","Little_Armstrong_Bay"
202,1,0,0,0,NA,"Armstrong","No-take","Little_Armstrong_Bay"
203,0,0,0,0,NA,"Armstrong","No-take","Little_Armstrong_Bay"
204,0,0,0,0,NA,"Armstrong","No-take","Little_Armstrong_Bay"
205,0,0,0,0,NA,"Armstrong","No-take","Little_Armstrong_Bay"
206,0,0,0,0,NA,"Armstrong","No-take","Little_Armstrong_Bay"
207,0,0,0,0,NA,"Armstrong","No-take","Little_Armstrong_Bay"
208,1,0,0,0,NA,"Armstrong","No-take","Little_Armstrong_Bay"
209,0,0,0,0,NA,"Armstrong","No-take","Little_Armstrong_Bay"
210,0,0,0,0,NA,"Armstrong","No-take","Little_Armstrong_Bay"
211,1,0,0,0,NA,"Armstrong","No-take","Little_Armstrong_Bay"
212,1,0,0,0,NA,"Armstrong","No-take","Little_Armstrong_Bay"
213,0,0,0,0,NA,"Armstrong","No-take","Little_Armstrong_Bay"
214,1,0,0,0,NA,"Armstrong","No-take","Little_Armstrong_Bay"
215,1,0,0,0,NA,"Armstrong","No-take","Little_Armstrong_Bay"
216,0,0,0,0,NA,"Armstrong","No-take","Little_Armstrong_Bay"
217,0,0,0,0,NA,"Armstrong","No-take","Little_Armstrong_Bay"
218,0,0,0,0,NA,"Armstrong","No-take","Little_Armstrong_Bay"
219,0,0,0,0,NA,"Green_Island","Fished","East_Strickland"
220,0,0,0,0,NA,"Green_Island","Fished","East_Strickland"
221,1,0,0,0,NA,"Green_Island","Fished","East_Strickland"
222,0,0,0,0,NA,"Green_Island","Fished","East_Strickland"
223,0,0,0,0,NA,"Green_Island","Fished","East_Strickland"
224,0,0,0,0,NA,"Green_Island","Fished","East_Strickland"
225,0,0,0,0,NA,"Green_Island","Fished","East_Strickland"
226,0,0,0,0,NA,"Green_Island","Fished","East_Strickland"
227,0,0,0,0,NA,"Green_Island","Fished","East_Strickland"
228,1,0,0,0,NA,"Green_Island","Fished","East_Strickland"
229,0,0,0,0,NA,"Green_Island","Fished","East_Strickland"
230,1,0,0,0,NA,"Green_Island","Fished","East_Strickland"
231,0,0,0,0,NA,"Green_Island","Fished","East_Strickland"
232,0,0,0,0,NA,"Green_Island","Fished","East_Strickland"
233,0,0,0,0,NA,"Green_Island","Fished","East_Strickland"
234,0,0,0,0,NA,"Green_Island","No-take","Green_Island"
235,1,0,0,0,NA,"Green_Island","No-take","Green_Island"
236,2,0,0,0,NA,"Green_Island","No-take","Green_Island"
237,1,0,0,0,NA,"Green_Island","No-take","Green_Island"
238,1,0,0,0,NA,"Green_Island","No-take","Green_Island"
239,0,0,0,0,NA,"Green_Island","No-take","Green_Island"
240,0,0,0,0,NA,"Green_Island","No-take","Green_Island"
241,0,0,0,0,NA,"Green_Island","No-take","Green_Island"
242,0,0,0,0,NA,"Green_Island","No-take","Green_Island"
243,0,0,0,0,NA,"Green_Island","No-take","Green_Island"
244,1,0,0,0,NA,"Green_Island","No-take","Green_Island"
245,0,0,0,0,NA,"Green_Island","No-take","Green_Island"
246,0,0,0,0,NA,"Green_Island","No-take","Green_Island"
247,0,0,0,0,NA,"Green_Island","No-take","Green_Island"
248,1,0,0,0,NA,"Green_Island","No-take","Green_Island"
249,0,0,0,0,NA,"Parker_Pt","No-take","East_Salmon"
250,0,0,0,0,NA,"Parker_Pt","No-take","East_Salmon"
251,0,0,0,0,NA,"Parker_Pt","No-take","East_Salmon"
252,0,0,0,0,NA,"Parker_Pt","No-take","East_Salmon"
253,0,0,0,0,NA,"Parker_Pt","No-take","East_Salmon"
254,0,0,0,0,NA,"Parker_Pt","No-take","East_Salmon"
255,0,0,0,0,NA,"Parker_Pt","No-take","East_Salmon"
256,0,0,0,0,NA,"Parker_Pt","No-take","East_Salmon"
257,1,0,0,0,NA,"Parker_Pt","No-take","East_Salmon"
258,1,0,0,0,NA,"Parker_Pt","No-take","East_Salmon"
259,0,0,0,0,NA,"Parker_Pt","No-take","East_Salmon"
260,0,0,0,0,NA,"Parker_Pt","No-take","East_Salmon"
261,1,0,0,0,NA,"Parker_Pt","No-take","East_Salmon"
262,0,0,0,0,NA,"Parker_Pt","No-take","East_Salmon"
263,5,0,0,0,NA,"Parker_Pt","No-take","East_Salmon"
264,0,0,0,0,NA,"Parker_Pt","No-take","Little Salmon_Bay"
265,0,0,0,0,NA,"Parker_Pt","No-take","Little Salmon_Bay"
266,2,0,0,0,NA,"Parker_Pt","No-take","Little Salmon_Bay"
267,1,0,0,0,NA,"Parker_Pt","No-take","Little Salmon_Bay"
268,1,0,0,0,NA,"Parker_Pt","No-take","Little Salmon_Bay"
269,0,0,0,0,NA,"Parker_Pt","No-take","Little Salmon_Bay"
270,1,0,0,0,NA,"Parker_Pt","No-take","Little Salmon_Bay"
271,2,0,0,0,NA,"Parker_Pt","No-take","Little Salmon_Bay"
272,0,0,0,0,NA,"Parker_Pt","No-take","Little Salmon_Bay"
273,0,0,0,0,NA,"Parker_Pt","No-take","Little Salmon_Bay"
274,1,0,0,0,NA,"Parker_Pt","No-take","Little Salmon_Bay"
275,0,0,0,0,NA,"Parker_Pt","No-take","Little Salmon_Bay"
276,0,0,0,0,NA,"Parker_Pt","No-take","Little Salmon_Bay"
277,0,0,0,0,NA,"Parker_Pt","No-take","Little Salmon_Bay"
278,0,0,0,0,NA,"Parker_Pt","No-take","Little Salmon_Bay"
279,0,0,0,0,NA,"Armstrong","Fished","Geordie_Bay"
280,0,0,0,0,NA,"Armstrong","Fished","Geordie_Bay"
281,0,0,0,0,NA,"Armstrong","Fished","Geordie_Bay"
282,0,0,0,0,NA,"Armstrong","Fished","Geordie_Bay"
283,0,0,0,0,NA,"Armstrong","Fished","Geordie_Bay"
284,0,0,0,0,NA,"Armstrong","Fished","Geordie_Bay"
285,0,0,0,0,NA,"Armstrong","Fished","Geordie_Bay"
286,0,0,0,0,NA,"Armstrong","Fished","Geordie_Bay"
287,0,0,0,0,NA,"Armstrong","Fished","Geordie_Bay"
288,0,0,0,0,NA,"Armstrong","Fished","Geordie_Bay"
289,0,0,0,0,NA,"Armstrong","Fished","Geordie_Bay"
290,0,0,0,0,NA,"Armstrong","Fished","Geordie_Bay"
291,0,0,0,0,NA,"Armstrong","Fished","Geordie_Bay"
292,0,0,0,0,NA,"Armstrong","Fished","Geordie_Bay"
293,0,0,0,0,NA,"Armstrong","Fished","Longreach_Bay"
294,0,0,0,0,NA,"Armstrong","Fished","Longreach_Bay"
295,0,0,0,0,NA,"Armstrong","Fished","Longreach_Bay"
296,0,0,0,0,NA,"Armstrong","Fished","Longreach_Bay"
297,0,0,0,0,NA,"Armstrong","Fished","Longreach_Bay"
298,0,0,0,0,NA,"Armstrong","Fished","Longreach_Bay"
299,0,0,0,0,NA,"Armstrong","Fished","Longreach_Bay"
300,0,0,0,0,NA,"Armstrong","Fished","Longreach_Bay"
301,0,0,0,0,NA,"Armstrong","Fished","Longreach_Bay"
302,0,0,0,0,NA,"Armstrong","Fished","Longreach_Bay"
303,0,0,0,0,NA,"Armstrong","Fished","Longreach_Bay"
304,0,0,0,0,NA,"Armstrong","Fished","Longreach_Bay"
305,0,0,0,0,NA,"Armstrong","Fished","Longreach_Bay"
306,0,0,0,0,NA,"Armstrong","Fished","Longreach_Bay"
307,0,0,0,0,NA,"Armstrong","Fished","Longreach_Bay"
308,0,0,0,0,NA,"Armstrong","Fished","Parakeet_Bay"
309,0,0,0,0,NA,"Armstrong","Fished","Parakeet_Bay"
310,0,0,0,0,NA,"Armstrong","Fished","Parakeet_Bay"
311,0,0,0,0,NA,"Armstrong","Fished","Parakeet_Bay"
312,0,0,0,0,NA,"Armstrong","Fished","Parakeet_Bay"
313,0,0,0,0,NA,"Armstrong","Fished","Parakeet_Bay"
314,0,0,0,0,NA,"Armstrong","Fished","Parakeet_Bay"
315,0,0,0,0,NA,"Armstrong","Fished","Parakeet_Bay"
316,0,0,0,0,NA,"Armstrong","Fished","Parakeet_Bay"
317,0,0,0,0,NA,"Armstrong","Fished","Parakeet_Bay"
318,0,0,0,0,NA,"Armstrong","Fished","Parakeet_Bay"
319,0,0,0,0,NA,"Armstrong","Fished","Parakeet_Bay"
320,0,0,0,0,NA,"Armstrong","Fished","Parakeet_Bay"
321,0,0,0,0,NA,"Armstrong","Fished","Parakeet_Bay"
322,0,0,0,0,NA,"Armstrong","Fished","Parakeet_Bay"
323,0,0,1,0,NA,"Armstrong","Fished","Ricey_Beach"
324,0,0,0,0,NA,"Armstrong","Fished","Ricey_Beach"
325,0,0,0,0,NA,"Armstrong","Fished","Ricey_Beach"
326,0,0,0,0,NA,"Armstrong","Fished","Ricey_Beach"
327,0,0,0,0,NA,"Armstrong","Fished","Ricey_Beach"
328,0,0,0,0,NA,"Armstrong","Fished","Ricey_Beach"
329,0,0,0,0,NA,"Armstrong","Fished","Ricey_Beach"
330,0,0,0,0,NA,"Armstrong","Fished","Ricey_Beach"
331,0,0,1,0,NA,"Armstrong","Fished","Ricey_Beach"
332,0,0,0,0,NA,"Armstrong","Fished","Ricey_Beach"
333,0,0,0,0,NA,"Armstrong","Fished","Ricey_Beach"
334,0,0,0,0,NA,"Armstrong","Fished","Ricey_Beach"
335,0,0,6,0,NA,"Armstrong","Fished","Ricey_Beach"
336,0,0,0,0,NA,"Armstrong","Fished","Ricey_Beach"
337,0,0,0,0,NA,"Armstrong","Fished","Ricey_Beach"
338,0,0,1,0,NA,"Armstrong","No-take","Little_Armstrong_Bay"
339,0,0,0,0,NA,"Armstrong","No-take","Little_Armstrong_Bay"
340,0,0,0,0,NA,"Armstrong","No-take","Little_Armstrong_Bay"
341,0,0,0,0,NA,"Armstrong","No-take","Little_Armstrong_Bay"
342,0,0,0,0,NA,"Armstrong","No-take","Little_Armstrong_Bay"
343,0,0,0,0,NA,"Armstrong","No-take","Little_Armstrong_Bay"
344,0,0,0,0,NA,"Armstrong","No-take","Little_Armstrong_Bay"
345,0,0,0,0,NA,"Armstrong","No-take","Little_Armstrong_Bay"
346,0,0,0,0,NA,"Armstrong","No-take","Little_Armstrong_Bay"
347,0,0,0,0,NA,"Armstrong","No-take","Little_Armstrong_Bay"
348,0,0,0,0,NA,"Armstrong","No-take","Little_Armstrong_Bay"
349,0,0,0,0,NA,"Armstrong","No-take","Little_Armstrong_Bay"
350,0,0,0,0,NA,"Armstrong","No-take","Little_Armstrong_Bay"
351,0,0,0,0,NA,"Armstrong","No-take","Little_Armstrong_Bay"
352,0,0,0,0,NA,"Armstrong","No-take","Little_Armstrong_Bay"
353,0,0,0,0,NA,"Armstrong","No-take","Little_Armstrong_Bay"
354,0,0,0,0,NA,"Armstrong","No-take","Little_Armstrong_Bay"
355,0,0,1,0,NA,"Armstrong","No-take","Little_Armstrong_Bay"
356,0,0,1,0,NA,"Armstrong","No-take","Little_Armstrong_Bay"
357,0,0,0,0,NA,"Armstrong","No-take","Little_Armstrong_Bay"
358,0,0,0,0,NA,"Green_Island","Fished","East_Strickland"
359,0,0,0,0,NA,"Green_Island","Fished","East_Strickland"
360,0,0,0,0,NA,"Green_Island","Fished","East_Strickland"
361,0,0,0,0,NA,"Green_Island","Fished","East_Strickland"
362,0,0,0,0,NA,"Green_Island","Fished","East_Strickland"
363,0,0,0,0,NA,"Green_Island","Fished","East_Strickland"
364,0,0,0,0,NA,"Green_Island","Fished","East_Strickland"
365,0,0,0,0,NA,"Green_Island","Fished","East_Strickland"
366,0,0,0,0,NA,"Green_Island","Fished","East_Strickland"
367,0,0,0,0,NA,"Green_Island","Fished","East_Strickland"
368,0,0,0,0,NA,"Green_Island","Fished","East_Strickland"
369,0,0,0,0,NA,"Green_Island","Fished","East_Strickland"
370,0,0,0,0,NA,"Green_Island","Fished","East_Strickland"
371,0,0,0,0,NA,"Green_Island","Fished","East_Strickland"
372,0,0,0,0,NA,"Green_Island","Fished","East_Strickland"
373,0,0,0,0,NA,"Green_Island","No-take","Green_Island"
374,0,0,0,0,NA,"Green_Island","No-take","Green_Island"
375,0,0,0,0,NA,"Green_Island","No-take","Green_Island"
376,0,0,0,0,NA,"Green_Island","No-take","Green_Island"
377,0,0,0,0,NA,"Green_Island","No-take","Green_Island"
378,0,0,0,0,NA,"Green_Island","No-take","Green_Island"
379,0,0,0,0,NA,"Green_Island","No-take","Green_Island"
380,0,0,0,0,NA,"Green_Island","No-take","Green_Island"
381,0,0,1,0,NA,"Green_Island","No-take","Green_Island"
382,0,0,1,0,NA,"Green_Island","No-take","Green_Island"
383,0,0,0,0,NA,"Green_Island","No-take","Green_Island"
384,0,0,0,0,NA,"Green_Island","No-take","Green_Island"
385,0,0,0,0,NA,"Green_Island","No-take","Green_Island"
386,0,0,0,0,NA,"Green_Island","No-take","Green_Island"
387,0,0,0,0,NA,"Green_Island","No-take","Green_Island"
388,0,0,0,0,NA,"Parker_Pt","No-take","East_Salmon"
389,0,0,0,0,NA,"Parker_Pt","No-take","East_Salmon"
390,0,0,0,0,NA,"Parker_Pt","No-take","East_Salmon"
391,0,0,0,0,NA,"Parker_Pt","No-take","East_Salmon"
392,0,0,0,0,NA,"Parker_Pt","No-take","East_Salmon"
393,0,0,0,0,NA,"Parker_Pt","No-take","East_Salmon"
394,0,0,0,0,NA,"Parker_Pt","No-take","East_Salmon"
395,0,0,1,0,NA,"Parker_Pt","No-take","East_Salmon"
396,0,0,0,0,NA,"Parker_Pt","No-take","East_Salmon"
397,0,0,0,0,NA,"Parker_Pt","No-take","East_Salmon"
398,0,0,0,0,NA,"Parker_Pt","No-take","East_Salmon"
399,0,0,0,0,NA,"Parker_Pt","No-take","East_Salmon"
400,0,0,0,0,NA,"Parker_Pt","No-take","East_Salmon"
401,0,0,0,0,NA,"Parker_Pt","No-take","East_Salmon"
402,0,0,0,0,NA,"Parker_Pt","No-take","East_Salmon"
403,0,0,0,0,NA,"Parker_Pt","No-take","Little Salmon_Bay"
404,0,0,0,0,NA,"Parker_Pt","No-take","Little Salmon_Bay"
405,0,0,0,0,NA,"Parker_Pt","No-take","Little Salmon_Bay"
406,0,0,1,0,NA,"Parker_Pt","No-take","Little Salmon_Bay"
407,0,0,0,0,NA,"Parker_Pt","No-take","Little Salmon_Bay"
408,0,0,0,0,NA,"Parker_Pt","No-take","Little Salmon_Bay"
409,0,0,0,0,NA,"Parker_Pt","No-take","Little Salmon_Bay"
410,0,0,0,0,NA,"Parker_Pt","No-take","Little Salmon_Bay"
411,0,0,0,0,NA,"Parker_Pt","No-take","Little Salmon_Bay"
412,0,0,0,0,NA,"Parker_Pt","No-take","Little Salmon_Bay"
413,0,0,0,0,NA,"Parker_Pt","No-take","Little Salmon_Bay"
414,0,0,0,0,NA,"Parker_Pt","No-take","Little Salmon_Bay"
415,0,0,0,0,NA,"Parker_Pt","No-take","Little Salmon_Bay"
416,0,0,1,0,NA,"Parker_Pt","No-take","Little Salmon_Bay"
417,0,0,0,0,NA,"Parker_Pt","No-take","Little Salmon_Bay"
418,0,0,0,0,NA,"Armstrong","Fished","Geordie_Bay"
419,0,0,0,2,NA,"Armstrong","Fished","Geordie_Bay"
420,0,0,0,2,NA,"Armstrong","Fished","Geordie_Bay"
421,0,0,0,1,NA,"Armstrong","Fished","Geordie_Bay"
422,0,0,0,3,NA,"Armstrong","Fished","Geordie_Bay"
423,0,0,0,0,NA,"Armstrong","Fished","Geordie_Bay"
424,0,0,0,0,NA,"Armstrong","Fished","Geordie_Bay"
425,0,0,0,3,NA,"Armstrong","Fished","Geordie_Bay"
426,0,0,0,0,NA,"Armstrong","Fished","Geordie_Bay"
427,0,0,0,0,NA,"Armstrong","Fished","Geordie_Bay"
428,0,0,0,4,NA,"Armstrong","Fished","Geordie_Bay"
429,0,0,0,0,NA,"Armstrong","Fished","Geordie_Bay"
430,0,0,0,0,NA,"Armstrong","Fished","Geordie_Bay"
431,0,0,0,0,NA,"Armstrong","Fished","Geordie_Bay"
432,0,0,0,3,NA,"Armstrong","Fished","Longreach_Bay"
433,0,0,0,0,NA,"Armstrong","Fished","Longreach_Bay"
434,0,0,0,1,NA,"Armstrong","Fished","Longreach_Bay"
435,0,0,0,6,NA,"Armstrong","Fished","Longreach_Bay"
436,0,0,0,0,NA,"Armstrong","Fished","Longreach_Bay"
437,0,0,0,1,NA,"Armstrong","Fished","Longreach_Bay"
438,0,0,0,0,NA,"Armstrong","Fished","Longreach_Bay"
439,0,0,0,1,NA,"Armstrong","Fished","Longreach_Bay"
440,0,0,0,0,NA,"Armstrong","Fished","Longreach_Bay"
441,0,0,0,1,NA,"Armstrong","Fished","Longreach_Bay"
442,0,0,0,1,NA,"Armstrong","Fished","Longreach_Bay"
443,0,0,0,1,NA,"Armstrong","Fished","Longreach_Bay"
444,0,0,0,1,NA,"Armstrong","Fished","Longreach_Bay"
445,0,0,0,0,NA,"Armstrong","Fished","Longreach_Bay"
446,0,0,0,0,NA,"Armstrong","Fished","Longreach_Bay"
447,0,0,0,0,NA,"Armstrong","Fished","Parakeet_Bay"
448,0,0,0,3,NA,"Armstrong","Fished","Parakeet_Bay"
449,0,0,0,0,NA,"Armstrong","Fished","Parakeet_Bay"
450,0,0,0,1,NA,"Armstrong","Fished","Parakeet_Bay"
451,0,0,0,2,NA,"Armstrong","Fished","Parakeet_Bay"
452,0,0,0,3,NA,"Armstrong","Fished","Parakeet_Bay"
453,0,0,0,1,NA,"Armstrong","Fished","Parakeet_Bay"
454,0,0,0,2,NA,"Armstrong","Fished","Parakeet_Bay"
455,0,0,0,1,NA,"Armstrong","Fished","Parakeet_Bay"
456,0,0,0,0,NA,"Armstrong","Fished","Parakeet_Bay"
457,0,0,0,1,NA,"Armstrong","Fished","Parakeet_Bay"
458,0,0,0,1,NA,"Armstrong","Fished","Parakeet_Bay"
459,0,0,0,1,NA,"Armstrong","Fished","Parakeet_Bay"
460,0,0,0,1,NA,"Armstrong","Fished","Parakeet_Bay"
461,0,0,0,4,NA,"Armstrong","Fished","Parakeet_Bay"
462,0,0,0,3,NA,"Armstrong","Fished","Ricey_Beach"
463,0,0,0,2,NA,"Armstrong","Fished","Ricey_Beach"
464,0,0,0,6,NA,"Armstrong","Fished","Ricey_Beach"
465,0,0,0,0,NA,"Armstrong","Fished","Ricey_Beach"
466,0,0,0,2,NA,"Armstrong","Fished","Ricey_Beach"
467,0,0,0,3,NA,"Armstrong","Fished","Ricey_Beach"
468,0,0,0,4,NA,"Armstrong","Fished","Ricey_Beach"
469,0,0,0,2,NA,"Armstrong","Fished","Ricey_Beach"
470,0,0,0,3,NA,"Armstrong","Fished","Ricey_Beach"
471,0,0,0,2,NA,"Armstrong","Fished","Ricey_Beach"
472,0,0,0,5,NA,"Armstrong","Fished","Ricey_Beach"
473,0,0,0,3,NA,"Armstrong","Fished","Ricey_Beach"
474,0,0,0,3,NA,"Armstrong","Fished","Ricey_Beach"
475,0,0,0,4,NA,"Armstrong","Fished","Ricey_Beach"
476,0,0,0,1,NA,"Armstrong","Fished","Ricey_Beach"
477,0,0,0,2,NA,"Armstrong","No-take","Little_Armstrong_Bay"
478,0,0,0,0,NA,"Armstrong","No-take","Little_Armstrong_Bay"
479,0,0,0,2,NA,"Armstrong","No-take","Little_Armstrong_Bay"
480,0,0,0,2,NA,"Armstrong","No-take","Little_Armstrong_Bay"
481,0,0,0,1,NA,"Armstrong","No-take","Little_Armstrong_Bay"
482,0,0,0,1,NA,"Armstrong","No-take","Little_Armstrong_Bay"
483,0,0,0,1,NA,"Armstrong","No-take","Little_Armstrong_Bay"
484,0,0,0,1,NA,"Armstrong","No-take","Little_Armstrong_Bay"
485,0,0,0,1,NA,"Armstrong","No-take","Little_Armstrong_Bay"
486,0,0,0,2,NA,"Armstrong","No-take","Little_Armstrong_Bay"
487,0,0,0,0,NA,"Armstrong","No-take","Little_Armstrong_Bay"
488,0,0,0,2,NA,"Armstrong","No-take","Little_Armstrong_Bay"
489,0,0,0,1,NA,"Armstrong","No-take","Little_Armstrong_Bay"
490,0,0,0,1,NA,"Armstrong","No-take","Little_Armstrong_Bay"
491,0,0,0,1,NA,"Armstrong","No-take","Little_Armstrong_Bay"
492,0,0,0,2,NA,"Armstrong","No-take","Little_Armstrong_Bay"
493,0,0,0,2,NA,"Armstrong","No-take","Little_Armstrong_Bay"
494,0,0,0,2,NA,"Armstrong","No-take","Little_Armstrong_Bay"
495,0,0,0,2,NA,"Armstrong","No-take","Little_Armstrong_Bay"
496,0,0,0,2,NA,"Armstrong","No-take","Little_Armstrong_Bay"
497,0,0,0,1,NA,"Green_Island","Fished","East_Strickland"
498,0,0,0,1,NA,"Green_Island","Fished","East_Strickland"
499,0,0,0,2,NA,"Green_Island","Fished","East_Strickland"
500,0,0,0,1,NA,"Green_Island","Fished","East_Strickland"
501,0,0,0,2,NA,"Green_Island","Fished","East_Strickland"
502,0,0,0,3,NA,"Green_Island","Fished","East_Strickland"
503,0,0,0,2,NA,"Green_Island","Fished","East_Strickland"
504,0,0,0,1,NA,"Green_Island","Fished","East_Strickland"
505,0,0,0,2,NA,"Green_Island","Fished","East_Strickland"
506,0,0,0,1,NA,"Green_Island","Fished","East_Strickland"
507,0,0,0,1,NA,"Green_Island","Fished","East_Strickland"
508,0,0,0,2,NA,"Green_Island","Fished","East_Strickland"
509,0,0,0,2,NA,"Green_Island","Fished","East_Strickland"
510,0,0,0,2,NA,"Green_Island","Fished","East_Strickland"
511,0,0,0,2,NA,"Green_Island","Fished","East_Strickland"
512,0,0,0,3,NA,"Green_Island","No-take","Green_Island"
513,0,0,0,3,NA,"Green_Island","No-take","Green_Island"
514,0,0,0,4,NA,"Green_Island","No-take","Green_Island"
515,0,0,0,2,NA,"Green_Island","No-take","Green_Island"
516,0,0,0,3,NA,"Green_Island","No-take","Green_Island"
517,0,0,0,6,NA,"Green_Island","No-take","Green_Island"
518,0,0,0,2,NA,"Green_Island","No-take","Green_Island"
519,0,0,0,3,NA,"Green_Island","No-take","Green_Island"
520,0,0,0,3,NA,"Green_Island","No-take","Green_Island"
521,0,0,0,3,NA,"Green_Island","No-take","Green_Island"
522,0,0,0,4,NA,"Green_Island","No-take","Green_Island"
523,0,0,0,0,NA,"Green_Island","No-take","Green_Island"
524,0,0,0,1,NA,"Green_Island","No-take","Green_Island"
525,0,0,0,1,NA,"Green_Island","No-take","Green_Island"
526,0,0,0,1,NA,"Green_Island","No-take","Green_Island"
527,0,0,0,1,NA,"Parker_Pt","No-take","East_Salmon"
528,0,0,0,4,NA,"Parker_Pt","No-take","East_Salmon"
529,0,0,0,4,NA,"Parker_Pt","No-take","East_Salmon"
530,0,0,0,1,NA,"Parker_Pt","No-take","East_Salmon"
531,0,0,0,1,NA,"Parker_Pt","No-take","East_Salmon"
532,0,0,0,1,NA,"Parker_Pt","No-take","East_Salmon"
533,0,0,0,4,NA,"Parker_Pt","No-take","East_Salmon"
534,0,0,0,4,NA,"Parker_Pt","No-take","East_Salmon"
535,0,0,0,9,NA,"Parker_Pt","No-take","East_Salmon"
536,0,0,0,7,NA,"Parker_Pt","No-take","East_Salmon"
537,0,0,0,5,NA,"Parker_Pt","No-take","East_Salmon"
538,0,0,0,4,NA,"Parker_Pt","No-take","East_Salmon"
539,0,0,0,6,NA,"Parker_Pt","No-take","East_Salmon"
540,0,0,0,1,NA,"Parker_Pt","No-take","East_Salmon"
541,0,0,0,7,NA,"Parker_Pt","No-take","East_Salmon"
542,0,0,0,4,NA,"Parker_Pt","No-take","Little Salmon_Bay"
543,0,0,0,2,NA,"Parker_Pt","No-take","Little Salmon_Bay"
544,0,0,0,3,NA,"Parker_Pt","No-take","Little Salmon_Bay"
545,0,0,0,4,NA,"Parker_Pt","No-take","Little Salmon_Bay"
546,0,0,0,2,NA,"Parker_Pt","No-take","Little Salmon_Bay"
547,0,0,0,1,NA,"Parker_Pt","No-take","Little Salmon_Bay"
548,0,0,0,2,NA,"Parker_Pt","No-take","Little Salmon_Bay"
549,0,0,0,2,NA,"Parker_Pt","No-take","Little Salmon_Bay"
550,0,0,0,2,NA,"Parker_Pt","No-take","Little Salmon_Bay"
551,0,0,0,2,NA,"Parker_Pt","No-take","Little Salmon_Bay"
552,0,0,0,2,NA,"Parker_Pt","No-take","Little Salmon_Bay"
553,0,0,0,2,NA,"Parker_Pt","No-take","Little Salmon_Bay"
554,0,0,0,2,NA,"Parker_Pt","No-take","Little Salmon_Bay"
555,0,0,0,1,NA,"Parker_Pt","No-take","Little Salmon_Bay"
556,0,0,0,1,NA,"Parker_Pt","No-take","Little Salmon_Bay"
